pre,post,weight
AIYR,SIBDR,14
AIYR,RIAR,112
AIYR,AWAR,3
AIYR,RIBR,109
AIYR,ADFR,2
AIYR,AFDR,9
AIYR,ASER,1
AIYR,AIZR,141
AIYR,NRRlab?,5
AIYR,AWBR,4
AIYR,AIAR,9
DCC4,DCC6,1
DCC4,mus-dr,4
DCC4,mus-DR,4
DCC4,DCM,5
DCC4,DCC2,1
DA/AS,contin8,1
DA/AS,dc-622,1
DA/AS,contin1,33
DA/AS,contin3,4
DA/AS,contin5,8
DA/AS,UNK,14
vc-1006,RVGCB10,2
vc-1006,mus-D,2
vc-1006,RVGCB19,9
vc-1006,contin10530,9
vc-1006,vc-right,3
vc-1006,AVFR,5
vc-1006,vc-990,3
vc-1006,vc-2413,2
vc-1006,RVGCB19,9
AVAR,zeb,12
AVAR,yi-49,7
AVAR,AVAL,5
AVAR,UNK,27
AVAR,RVGCB40,15
AVAR,yi-55,14
AVAR,branchy,3
AVAR,yi-56,3
AVAR,contin2629,4
AVAR,VCCB2,4
AVAR,AVAL,38
AVAR,RIGR,2
AVAR,merv,21
AVAR,null,1
AVAR,contin1228,4
AVAR,vc-left-14,1
AVAR,RVGCB8,7
vc-1000,picard,3
vc-1000,vc-987,3
vc-1000,riker,1
vc-1000,vc-988,2
vc-1001,contin1015,21
vc-1001,mus-VR,5
vc-1001,contin9625,4
vc-1001,mus,6
vc-1001,RVGCB16VDn,6
vc-1001,mus,6
vc-1001,contin1029,3
vc-1001,RVGCB7,2
AVAL,RVGCB15,2
AVAL,RMHL,1
AVAL,RVGCB13,2
AVAL,AVAR,5
AVAL,contin2762,4
AVAL,RVGCB40,5
AVAL,yi-55,17
AVAL,branchy,2
AVAL,NRLfrag,1
AVAL,phan,11
AVAL,unk-ventral-607,5
AVAL,merv,23
AVAL,vc-990,4
AVAL,RVGCB16VDn,2
AVAL,VC570,1
AVAL,contin2627,2
NRRlab?,AIYR,7
NRRlab?,AIAR,7
URXL,RMGL,1
IL2VR,CEPVR,3
IL2VR,RMER,14
IL2VR,RIPR,37
IL2VR,RMEL,10
IL2VR,RIH,6
IL2VR,IL1VR,14
IL2VR,URAVR,12
IL2VR,RMED,11
IL2VL,URAVL,13
IL2VL,RMED,6
IL2VL,RMER,6
IL2VL,CEMVL,1
IL2VL,RMEV,5
IL2VL,RIPL,33
IL2VL,RMEL,14
IL2VL,IL1VL,12
IL2VL,OLQVL,8
IL2VL,RIAL,5
contin9984,AVAL,7
contin9984,vc-987,3
contin9984,vc-990,4
contin9984,AVBL,4
AWBL,NRleft,3
AWBL,AIZL,1
AWBL,SMBVL,3
AWBL,NRLfrag,3
AWBL,ADFL,15
AWBL,AIYL,12
AWBL,RIAL,12
AWBL,RIBL,8
strecci,UNK,1
p,VDn,3
p,DDn,4
p,mus,4
p,yi-23,4
RICL,AIBR,4
RICL,RMHL,1
RICL,RVGCB12,2
RICL,MCML,1
RICL,CEPVR,1
RICL,AVAR,20
RICL,SMDVR,3
RICL,SMDDL,14
RICL,SAAVR,3
RICL,AVAL,23
RICL,SMDDR,19
RICL,RIML,2
RICL,RIML,2
RICL,CEPDR,1
contin10626,vc-1022,2
contin10626,AVAR,2
contin10626,AVDR,2
contin10626,vc-1022,2
contin10626,ADEL,6
contin10626,VGfrag,2
contin10626,SAADL,6
contin10626,AVJL,2
contin10626,RIML,2
contin10626,RIML,2
contin2627,AVAL,2
contin17,contin34,1
contin17,contin1,1
contin17,contin16,1
contin17,contin5,1
RMDR,CEPDL,6
RMDR,RIAR,23
RMDR,RIMR,5
RMDR,URXL,5
RMDR,mus-L,11
RMDR,mus-DL,14
RMDR,RMGL,2
RMDR,NRmotor,2
RMDR,SMBVL,1
RMDR,IL2L,10
RMDR,SIADR,5
RMDR,SMDDR,5
RMDR,IL1L,4
RMDR,RMDL,15
RMDR,RMDDL,5
RMDR,mus-VL,5
RMDR,NRLfrag,30
RMDR,RIAL,15
RMDR,RMER,2
AQR,RIAR,6
AQR,AVBL,5
AQR,VGRPVCL,4
AQR,DVA,1
AQR,AVDR,3
AQR,AVAR,3
AQR,ADEL,4
AQR,NRRfrag,3
AQR,ALMR,2
AQR,PVCR,5
AQR,PVCL,5
AQR,RIAL,5
AQR,AVBR,8
AQR,BAGL,3
RMDL,RMDR,2
RMDL,RMDL,2
NR72,AVAL,2
NR72,RMFR,2
DVC,AVKR,14
DVC,AIBR,6
DVC,RIBR,1
DVC,RIBR,13
DVC,AVAR,31
DVC,CEPshVR,6
DVC,AVKL,14
DVC,SMDVL,1
DVC,AVL,3
DVC,AVAL,35
DVC,RIGL,2
DVC,CEPshVR,6
DVC,RIGR,9
DVC,NRL,4
DVC,CEMVR,2
DVC,AIBL,3
DVC,RIBL,1
FLPR,AIBR,4
FLPR,AVAR,15
FLPR,FLPR,3
FLPR,AVAL,16
FLPR,FLPL,2
FLPR,RIVR,3
FLPR,RIML,4
FLPR,RIML,4
FLPR,AIBL,3
RIGR,PVPR,5
RIGR,RMHL,18
RIGR,AVEL,8
RIGR,PLNR,4
RIGR,RIBR,5
RIGR,RIR,15
RIGR,AVKL,13
RIGR,CEMVR,10
RIGR,URYVR,1
RIGR,PVT,2
RIGR,RMHL,18
RIGR,OLQVR,4
RIGR,BAGL,5
RIML,AIBR,4
RIML,RMDR,10
RIML,AVBL,21
RIML,mus-DR,5
RIML,NR54,6
RIML,RIBR,3
RIML,RMFL,1
RIML,RMFR,1
RIML,ADAL,8
RIML,RIBL,3
RIML,NRDfrag,1
RIML,RIFL,1
RIML,NR,2
RIML,NRLfrag\,5
RIML,SAAVL,13
RIML,mus-NRV,2
RIML,SAAVR,16
RIML,mus-V,16
RIML,AVBR,21
RIML,MCML,3
RIML,SMDDL,12
RIML,SMDVL,11
RIML,SMDDR,10
RIML,RIS,1
RIFR,MCMR,17
RIFR,AVEL,3
RIFR,AVHR,1
RIFR,AVAR,1
RIFR,AVBL,2
RIFR,AVFR,1
RIFR,contin6090,3
RIFR,contin2734,1
RIFR,PVN_2,3
RIFR,RIFR,1
RIFR,EF3,10
RIFR,AVBR,26
yi-49,b,4
yi-49,yi-46,4
yi-49,VBn,2
NRVfrag9,AVKR,3
NRVfrag9,VC80,2
NRVfrag9,RIGR,16
NRVfrag9,AVL,2
NRVfrag9,RMFR,3
NRVfrag9,AVKL,7
NRVfrag9,PVT,4
NRVfrag9,AIBL,5
NRVfrag9,VGfrag40,2
AVHL,AWBL,1
AVHL,SIAVL,1
AVHL,ADFL,3
AVHL,AVDR,2
AVHL,DVA,2
AVHL,SMBVL,6
AVHL,AVM,1
AVHL,RICL,1
AVHL,VGLfrag,2
AVHL,DVA,2
AVHL,UNK,3
AVHL,AVFR,3
CEPshVL,AINR,6
CEPshVL,RIBL,6
ADFR,AWAR,1
ADFR,RIAR,31
ADFR,SMBVR,1
ADFR,ABR-6,2
ADFR,SMBDR,3
ADFR,RIPR,1
ADFR,AUAR,9
ADFR,ASGR,2
ADFR,AFDR,2
ADFR,AIZR,22
ADFR,NRfrag,4
ADFR,AWBR,7
ADFL,AIZL,34
ADFL,AUAL,3
ADFL,NRDfrag,3
ADFL,SMBVL,7
ADFL,NRLfrag,3
ADFL,RIGL,8
ADFL,NRLfrag_AIA?,10
ADFL,ADAL,2
ADFL,RIBL,1
ADFL,OLQVL,2
ADFL,RIAL,44
ADFL,AWAL,1
ABRP-14,OLQDR,4
ABRP-14,IL2DR,6
ABRP-14,CEPshDR,4
ABRP-14,CEPshDR,4
ABRP-14,CEPDR,6
OLLL,IL1DL,1
OLLL,RMDR,21
OLLL,RMDL,1
OLLL,SMDVR,22
OLLL,SMDDL,5
OLLL,RMDDL,20
OLLL,RMDVL,4
OLLL,SMDDR,10
OLLL,IL1L,1
OLLL,RIBL,8
OLLL,IL1VL,2
OLLL,AVER,24
OLLL,NRV,9
VC74,unk111,10
VC74,AVBR,15
VC74,ALMR,2
VC74,MCMR,15
RIGL,AVKR,19
RIGL,ADER,1
RIGL,RIMR,1
RIGL,PLNL,3
RIGL,NRL,2
RIGL,OLQVL,4
RIGL,AVAR,16
RIGL,RMFL,3
RIGL,AVKL,7
RIGL,RIR,11
RIGL,DVC,7
RIGL,RIML,8
RIGL,NRVL,2
RIGL,RIBL,2
RIGL,AVER,7
RIGL,ALNL,4
RIGL,RIML,8
RIGL,RIAL,3
RIGL,RMHR,30
RIGL,AINR,4
PVN_2,PVCR,2
PVN_2,PVQR,2
PVN_2,VGRPVCL,2
PVN_2,PVN_,4
contin43,contin1,13
contin43,contin30,1
OLLR,IL1VR,1
OLLR,RMDDR,16
OLLR,AVEL,42
OLLR,RIBR,14
OLLR,CEPVR,8
OLLR,IL1R,5
OLLR,RIBR,21
OLLR,RMDVR,6
OLLR,RIGR,2
OLLR,NRRfrag,6
OLLR,mid8,2
OLLR,RMDR,5
OLLR,NRVfrag,1
OLLR,SMDVL,22
OLLR,RMER,1
OLLR,CEPDR,11
OLQDR,RIAR,1
OLQDR,RICR,3
OLQDR,RMDVR,6
OLQDR,mus-DR,5
OLQDR,RIPR,5
OLQDR,RICL,20
OLQDR,IL2R,9
OLQDR,RICL,20
OLQDR,RIH,1
OLQDR,SIBVR,13
OLQDR,RMDDL,19
OLQDR,CEPDR,1
VBn,DDn,5
VBn,mus,4
VBn,VAn/VBn,3
DCCC1,DCC6,2
DCCC1,DCM,3
VAn/VBn,contin69,2
VAn/VBn,DDn,12
VAn/VBn,mus,14
VAn/VBn,VDn,2
RIFL,MCML,3
RIFL,SIBVL,3
RIFL,vc-left-24,4
RIFL,AVFL,4
RIFL,SMBVL,1
RIFL,AVBL,46
RIFL,contin10626,4
RIFL,AIYL,3
RIFL,RIML,38
RIFL,RIML,38
RIFL,AVBR,10
RIFL,AIBL,3
NRRfrag,ABRP-10,3
NRRfrag,AIYR,5
NRRfrag,ABRP-16,1
NRRfrag,CEPVR,1
NRRfrag,IL1R,9
NRRfrag,URXR,16
NRRfrag,ASER,2
NRRfrag,AIAR,11
NRRfrag,RMHL,7
NRRfrag,mus-VR,5
NRRfrag,RIBR,2
NRRfrag,AVKL,2
NRRfrag,PVPR,1
NRRfrag,RMFR,4
NRRfrag,RMDR,2
NRRfrag,NRRfrag,3
NRRfrag,AIBL,1
NRRfrag,ASKR,2
NRRfrag,RIGR,4
NRRfrag,URBR,1
NRRfrag,RMHL,7
NRRfrag,CEPDR,1
NRRfrag,RIAR,5
NRRfrag,RIBR,2
NRRfrag,CEMDR,1
NRRfrag,NRVfrag9,2
NRRfrag,ALA,2
NRRfrag,AFDR,1
NRRfrag,BAGL,2
OLQDL,IL1DL,1
OLQDL,RMDDR,6
OLQDL,SIBVL,6
OLQDL,IL2DL,1
OLQDL,SMBDR,4
OLQDL,IL2L,10
OLQDL,RICR,12
OLQDL,OLQDL,7
RIMR,contin2922,1
RIMR,RMDR,6
RIMR,mus-VL,7
RIMR,NRmotor,1
RIMR,SMDVR,10
RIMR,AVBL,10
RIMR,RIGL,1
RIMR,RMDL,16
RIMR,NRVfrag,12
RIMR,AVEL,7
RIMR,RIBR,3
RIMR,AVAL,1
RIMR,RMFR,10
RIMR,RIBL,2
RIMR,NRLfrag,18
RIMR,NRRfrag,1
RIMR,AIBL,13
RIMR,VC80,4
RIMR,SAAVL,16
RIMR,SAAVR,7
RIMR,vc-right-31,1
RIMR,NRfrag,1
RIMR,RIFR,7
RIMR,AVBR,7
RIMR,RIAR,1
RIMR,PVCR,2
RIMR,SMDDL,5
RIMR,SMDVL,2
RIMR,SMDDR,27
RIMR,NRR,2
RIH,AIYR,2
RIH,AIZL,15
RIH,CEPVR,1
RIH,IL1R,2
RIH,DVA,1
RIH,RIPR,46
RIH,AIYL,4
RIH,OLQVR,47
RIH,OLQDR,31
RIH,URAVR,1
RIH,AVEL,1
RIH,RIBR,22
RIH,RIS,1
RIH,RIH,2
RIH,OLQDL,9
RIH,CEPDL,8
RIH,RMEV,13
RIH,IL2VL,1
RIH,AUAR,2
RIH,AIZR,16
RIH,CEPVL,3
RIH,CEPDR,23
RIH,CEMVR,2
RIH,RIAR,58
RIH,IL2L,1
RIH,CEPshVL,3
RIH,SMDVL,7
RIH,IL2R,9
RIH,RIAL,7
RIH,BAGL,2
DCC9,DCC6,2
DCC9,DCM,2
DCC9,DCC10,2
DCC9,DCC8,2
DCC9,mus-D,2
RICL,RVGCB12,2
RICL,CEPVR,1
RICL,SMDVR,3
RICL,AVAL,23
RICL,SMDDR,19
RICL,CEPDR,1
ASHL,AVDR,14
ASHL,VC16,12
ASHL,ASKL,1
ASHL,PVQL,5
ASHL,AVFL,5
ASHL,SMBVL,4
ASHL,AVBL,4
ASHL,ADFL,11
ASHL,VC36(RVGCB4),1
ASHL,AIAL,21
ASHL,RIFL,1
ASHL,NRfrag,6
ASHL,ADLL,3
ASHL,RIAL,7
ASHL,AIBL,19
AVBR,RVGCB10,5
AVBR,AVAL,5
AVBR,AVDR,7
AVBR,AVAR,7
vc-1034,vc-1006,1
vc-1034,RVGCB19,1
vc-1034,RVGCB19,1
PVCR,VGRPVCL,1
PVCR,AVEL,7
PVCR,AVBL,18
PVCR,AVAL,5
PVCR,SIAVR,7
PVCR,SIBVR,1
PVCR,AVBR,4
PVCR,MCMR,3
contin9532,AVBL,3
ALA,AVER,1
ALA,AVEL,3
ALA,NRLfrag,3
archer,vc-986,5
archer,AVDR,5
ABR-19,ABRP-10,3
ABR-19,ABR,3
AFDR,AWAR,2
AFDR,AUAR,2
AFDR,AIYR,28
AFDR,neuron5,3
AFDR,NRDfrag,3
VCfrag,VB2,4
VCfrag,VCfrag,1
dc-622,contin1,10
dc-622,contin3,4
contin9321,VCCB2,1
contin9321,vc-981,2
contin9321,rollie,3
contin9321,RVGCB8,2
contin9321,bobby,3
contin7755,AVM,10
contin7755,UNK,3
contin7755,ira,4
contin7755,vc-975,13
contin3319,contin1015,15
contin3319,RVGCB16VDn,6
contin3319,mus,9
contin3319,mus,9
RVGCB29,VCCB2,2
RVGCB29,RVGCB40,2
RVGCB29,AVAR,1
PVR,RVGCB12,1
PVR,RIPR,14
PVR,AVM,3
PVR,RICL,3
PVR,RICL,3
PVR,contin7755,1
PVR,vc-975,3
PVR,AVBR,13
RMHL,mus-VR,11
RMHL,RIBR,2
RMHL,RMDR,5
RMHL,IL1R,2
RMHL,RIBR,2
RMHL,AVKL,3
RMHL,RMDVL,2
RMHL,RMGR,4
RMHL,RIGR,3
RMHL,CEPVR,1
RMHL,mus-V,9
RMHL,UNK,3
RMHL,NRRfrag,8
RMHL,CEPDR,2
SMBVR,RMHL,1
SMBVR,RMDR,1
SMBVR,SAADR,23
SMBVR,mus-V,46
SMBVR,contin6814,1
SMBVR,RMHL,1
SMBVR,PLNR,13
RMHR,CEPDL,2
RMHR,RMDR,2
RMHR,NRmotor,12
RMHR,mus-L,13
RMHR,mus-NRL,1
RMHR,RMDL,11
RMHR,NRVfrag,3
RMHR,NRfrag,12
RMHR,CEPVL,3
RMHR,mus-VL,16
frag,RIGL,5
frag,RMFL,2
ASKR,AIMR,1
ASKR,vc-6072,7
ASKR,ASHR,2
ASKR,VGfragment,7
ASKR,NRDfrag,1
ASKR,RIFR,1
ASKR,AIAR,41
AVDR,UNK,2
AVDR,vc-1022,3
AVDR,vc-1022,3
AVDR,AVAR,7
AVDR,VCCB2,7
AVDR,AVAL,2
AVDR,contin2734,7
AVDR,AVER,3
AVDR,RID,1
AVDR,PVCL,1
AVDR,AVBR,8
vc-right-31,AVBL,5
vc-right-31,VGRPVCL,4
vc-right-31,ASJR,1
vc-right-31,VGmid,3
vc-right-31,EF3,22
vc-right-31,RIFR,9
vc-right-31,AVBR,16
vc-right-30,DVC,5
vc-right-30,RVGCB10,15
vc-right-30,AVEL,4
RVGCB7,hyp,1
RVGCB7,hyp,1
VC512,vc-975,1
VC512,RICL,5
VC512,RICL,5
vc-com-6081,vc-idk-r,2
vc-com-6081,AVAL,2
vc-com-6081,vc-righ-12,2
NR126,AVKR,4
NR126,mus-VR,5
NR126,VC80,2
NR126,AVKL,4
NR126,DVC,2
NR126,AVAL,2
AIZR,RIAR,39
AIZR,ADLR,7
AIZR,RIMR,22
AIZR,AVEL,47
AIZR,SMBVL,2
AIZR,SMBDR,23
AIZR,AVKR,2
AIZR,VC120,2
AIZR,SMBDL,3
AIZR,SMBVR,23
AIZR,VGfrag1,1
AIZR,AIZR,7
AIZR,ADFR,6
AIZR,ADLR,7
AIZR,AIBL,67
AIZR,AIAR,14
AVAL,phan,11
AVAL,unk-ventral-607,5
AVAL,yi-55,17
AVAL,merv,23
AVAL,branchy,2
rollie,contin2627,3
rollie,stefano,3
ASJR,mus-VR,3
ASJR,ASKR,1
ASJR,vc-right-31,2
ASJR,AVBL,2
ASJR,PVQR,19
ASJR,RMGR,3
ASJR,RIFR,2
PVN_,BDUR,2
PVN_,AVM,2
PVN_,ALMR,11
PVN_,PVN_2,2
PVN_,UNK,3
PVN_,PVR,9
zeb,yi-33,1
zeb,regina,4
zeb,yi-49,4
zeb,AVAL,19
zeb,yi-55,14
zeb,merv,12
zeb,AVAR,15
zeb,branchy,7
zeb,yi-56,4
zeb,hyp,1
zeb,phan,3
zeb,AVAL,19
zeb,yi-46,4
zeb,AVAR,15
PVQL,ASKL,2
PVQL,AVFL,8
PVQL,AVBL,6
PVQL,AIML,8
PVQL,contin10626,2
PVQL,AIAL,8
yi-30,AVAL,8
yi-30,AVAL,8
yi-30,AVAR,11
yi-30,AVAR,11
yi-30,merv,3
yi-37,b,3
yi-37,yi-46,3
yi-37,AVKL,2
yi-34,zeb,4
yi-34,yi-30,12
yi-34,yi-37,2
yi-34,yi-49,2
yi-34,AVAR,25
yi-34,AVKL,2
yi-34,yi-56,4
yi-34,AVAL,25
yi-34,b,2
yi-34,AVAL,25
yi-34,AVAR,25
RIBR,RIAR,29
RIBR,RMDDR,5
RIBR,AVEL,5
RIBR,RMDR,5
RIBR,IL1R,3
RIBR,RMDVR,4
RIBR,RIS,4
RIBR,RIGR,6
RIBR,AUAR,4
RIBR,IL2R,2
RIBR,RIAL,11
RIBR,BAGL,9
vc-right,mus-VR,3
vc-right,VC80,6
RIBL,RIMR,2
RIBL,NRL,2
RIBL,AINR,1
RIBL,mus-D,9
RIBL,CEMVL,6
RIBL,SMDVR,2
RIBL,SMDDL,2
RIBL,RIGL,1
RIBL,RIS,1
RIBL,AVER,5
RIBL,RIAL,6
URBL,CEPDL,3
URBL,OLLL,4
URBL,RMDDR,1
URBL,RMER,1
URBL,IL2L,1
URBL,RMDL,17
URBL,NRfrag,2
URBL,ABLP-29,3
RVGCB40,mus-VR,4
RVGCB40,AVFR,4
RVGCB40,vc-1030,3
RVGCB40,RVGCB7,7
RVGCB40,vc-980,6
RVGCB40,null,4
L,ALML,4
L,AVBL,10
FLPL,FLPR,5
FLPL,AVEL,16
FLPL,AQR,1
FLPL,AVAR,10
FLPL,RIS,6
FLPL,RIGR,3
FLPL,AVBL,15
FLPL,DVC,6
FLPL,vc-6097,3
FLPL,AVAL,31
FLPL,SMDDR,3
FLPL,PVCL,6
FLPL,AIBL,22
FLPL,PVR,2
URBR,RMGR,1
URBR,CEPDR,4
ASIL,AFDL,5
ASIL,VC16,6
ASIL,AIML,3
ASIL,ASGL,6
ASIL,CEPshDL,2
ASIL,AIALfrag?,3
ASIL,AWCL,7
ASIL,AIAL,1
ASIL,NRDfrag,2
ASIL,CEPshDL,2
ASIL,AIBL,10
contin74,AVAR,4
contin74,AVAR,4
contin3374,contin1015,24
contin3374,mus-VR,12
contin3374,mus,12
contin3374,mus,12
contin3374,contin3375,12
contin3374,contin2762,3
contin3374,contin10509,7
contin3375,contin1015,3
contin3375,mus-VR,4
contin8857,vc-idk-r,3
contin8857,RVGCB10,5
contin8857,vc-993,3
contin8857,AVEL,8
ALML,CEPDL,16
ALML,CEPVL,12
ALML,BDUL,13
ALML,NRLfrag,2
ALML,PVCL,21
ALML,AVBR,1
betty,RVGCB29,3
betty,hyp,3
CAn,AVAL,4
CAn,AVAL,4
CAn,yi-26,4
RICR,CEPDL,5
RICR,NRDRfragAVD,2
RICR,SIADR,3
RICR,ABLP-29,4
RICR,AVAR,28
RICR,SMBDR,9
RICR,SMDVR,2
RICR,SAAVR,8
RICR,AVAL,35
RICR,SMDDR,15
RICR,ADAL,3
RICR,RMFL,6
RICR,RIVR,2
RICR,RIML,4
RICR,RIML,4
RICR,CEPVL,2
RICR,RIAL,1
RICR,AIBL,14
RICR,SMDDL,15
AWCR,AIBR,12
AWCR,AIYR,42
AWCR,neuron5,23
al-end-22,ABL-3,2
al-end-22,URBL,2
vc-2413,vc-1030,6
vc-2413,contin1029,2
vc-2413,RVGCB19,4
vc-2413,RVGCB19,4
vc-2413,vc-987,4
vc-2413,vc-992,6
vc-2413,mus-D,1
vc-2413,contin10530,4
ALNL,RIMR,4
ALNL,RMGL,6
ALNL,AVAR,2
ALNL,SMBDR,4
ALNL,SAAVL,4
ALNL,SAAVR,22
ALNL,SIADR,3
ALNL,SMDDR,6
ASKL,AIAL?,4
ASKL,VC16,12
ASKL,AINR,6
ASKL,AIAL,7
ASKL,AIALfrag?,9
ASKL,AIAL,14
ASKL,ASHL,5
ASKL,AIBL,3
PLNL,Excretory Gland,3
PLNL,frag,3
PLNL,SIAVL,1
PLNL,RMGL,5
PLNL,RMDVR,1
PLNL,SMBVL,23
PLNL,SMDVR,3
PLNL,SAADL,37
PLNL,vc-left-7support,10
PLNL,mus-VL,9
contin6835,ADER,3
contin6835,vc-idk-r,1
contin6835,VGfrag6,1
contin6835,vc-right-16,3
contin6835,SMDVL,4
AVKL,c,3
AVKL,AVEL,1
AVKL,yi-40,4
AVKL,yi-38,4
AVKL,DVA,3
AVKL,SMDDL,1
AVKL,NRLfrag,1
AVKL,AVKR,1
AVKL,SMDDR,3
AVKL,DVA,3
AVKL,RIML,2
AVKL,PVR,4
rd,AIZR,6
rd,rdb,1
rd,NRRfrag,2
rd,AFDR,1
ASHR,AIBR,2
ASHR,AIAR,45
ASHR,AVBR,1
ASHR,ASKR,2
DCM,DCC8,2
ADAL,frag,6
ADAL,RIGL,18
ADAL,NRunk,1
ADAL,NRL,3
ADAL,URYVL,2
ADAL,RICR,2
ADAL,NRLfrag,2
ADAL,AINR,2
ADAL,RMFL,3
ADAL,AVBL,9
ADAL,DVC,2
ADAL,SAADL,1
ADAL,RIBL,4
ADAL,VGfrag,1
ADAL,AVJL,3
ADAL,RIML,10
ADAL,RIFL,1
ADAL,RIML,10
ADAL,RIPL,4
ADAL,RIAL,12
ADAL,AIBL,7
mid8,OLLR,2
mid8,AVEL,6
mid8,SMDVL,7
SIBDL,AVAR,1
SIBDL,RMFL,1
contin8,contin1,2
contin8,contin36,2
contin8,contin5,1
contin8,contin6,4
contin8,contin15,4
contin1,contin1,2
contin1,contin42,2
contin3,contin1,14
contin3,contin36,5
contin3,contin30,5
contin3,contin5,6
contin3,contin127,1
contin5,contin31,4
contin5,contin32,4
contin5,contin127,2
contin5,contin6,4
contin5,contin15,4
contin6,contin1,5
contin6,contin18,5
contin6,contin5,5
CEMVR,NR72,2
CEMVR,CEPVR,5
CEMVR,RICR,2
CEMVR,AWCR,1
CEMVR,AVBL,31
CEMVR,RIPR,1
CEMVR,PVT,5
CEMVR,RMHL,1
CEMVR,AVEL,1
CEMVR,RIBR,7
CEMVR,AVKL,2
CEMVR,AVAL,3
CEMVR,CEPshVR,2
CEMVR,###,1
CEMVR,NR102,1
CEMVR,RIGR,17
CEMVR,RMHL,1
CEMVR,RICL,2
CEMVR,EF3,3
CEMVR,AVBR,27
CEMVR,RIAR,9
CEMVR,SAADR,1
CEMVR,SMDVL,2
CEMVR,AVFR,3
CEMVR,RICL,2
CEMVR,CEPshVR,2
CEMVR,BAGL,8
RIML,AIBR,4
RIML,MCML,3
RIML,NRLfrag\,5
RIML,SMDDL,12
RIML,AVBL,21
RIML,SAAVR,16
RIML,mus-DR,5
RIML,ADAL,8
RIML,RMFL,1
RIML,NRDfrag,1
RIML,RIFL,1
RIML,NR,2
RIML,AVBR,21
CEPVL,RMHL,1
CEPVL,NRLfraq,4
CEPVL,URAVL,22
CEPVL,SIAVL,8
CEPVL,OLQVL,25
CEPVL,RICR,25
CEPVL,IL1VL,5
CEPVL,AVAR,1
CEPVL,RIPL,10
CEPVL,IL2VL,2
CEPVL,RICL,19
CEPVL,RIH,1
CEPVL,RIVR,4
CEPVL,NRVfrag,11
CEPVL,RMHR,4
vc-idk-r,AVAL,2
vc-idk-r,vc-right-32,2
RIBR,RIAR,22
RIBR,RMDDR,5
RIBR,RMDR,5
RIBR,IL1R,3
RIBR,RMDVR,4
RIBR,IL2R,2
RIBR,RIAL,11
labR,OLQDR,2
labR,CEMDR,3
labR,RIGR,6
labR,CEPshVR,1
labR,URAVR,1
labR,CEPshVR,1
VGfrag40,AVER,3
VGfrag40,RMDDL,1
VGfrag40,FLPR,2
VGfrag40,SMDDL,1
SIBVR,AVER,2
SIBVR,AIBL,1
SIBVR,RIGR,1
ADLR,NR,2
ADLR,AIAR,2
EF1,AVFR,2
EF1,VC25,2
EF1,RIFR,3
EF1,AVBR,7
EF1,EF3,3
AIAR,AIBR,6
AIAR,ADLR,11
AIAR,ASKR,2
AIAR,ASHR,1
AIAR,vc-right-31,26
AIAR,VGfragment,6
AIAR,ASGR,5
AIAR,VGfrag2,20
AIAR,ASER,4
AIAR,NR,6
AIAR,AIMR,1
AIAR,VC96,1
AIAR,ADLR,11
mus-VR,mus-VR,2
AIML,VC16,29
AIML,ASKL,5
AIML,ASGL,3
AIML,RICL,3
AIML,AIAL,2
AIML,RID,3
AIML,CEPVL,1
AIML,AIBL,28
contin2762,contin1015,3
contin2762,mus,4
contin2762,RVGCB29,5
contin2762,contin3374,1
contin2762,mus,4
contin2762,contin9321,7
contin2762,vc-987,3
contin2762,contin2627,1
contin2762,RVGCB8,7
contin2762,RVGCB29,5
contin2762,vc-979,1
yi-7,hyp,3
yi-7,CAn,3
OLQVL,RMHL,1
OLQVL,RMDVR,25
OLQVL,IL2L,8
OLQVL,IL2VL,2
OLQVL,RICL,18
OLQVL,IL1VL,2
OLQVL,SIBDL,24
PVM,hyp,1
PVM,DVA,1
PVM,DVA,1
ABLP-20,RMGL,6
BDUR,MCMR,7
BDUR,VGRPVCL,3
BDUR,RMGR,2
BDUR,ALMR,2
BDUR,PVN_2,8
BDUR,PVN_,2
ADEL,RIGL,13
ADEL,vc-left-14,10
ADEL,DVA,2
ADEL,AVAR,5
ADEL,RMGL,5
ADEL,RIVR,1
ADEL,DVA,2
ADEL,AVKL,9
ADEL,ADER,2
ADEL,RIGR,5
ADEL,RIH,2
ADEL,PVQL,1
ADEL,RVGcom3,2
ADEL,VGfrag40,1
PVQR,MCMR,4
PVQR,ASKR,12
PVQR,ASHR,5
PVQR,EF2,4
PVQR,EF3,5
PVQR,AVFR,6
PVQR,EF1,13
PVQR,VGfrag,3
PVQR,NRRfrag,1
PVQR,AIAR,16
stefano,RVGCB29,7
stefano,UNK,7
stefano,AVAR,7
stefano,RVGCB29,7
contin34,contin1,4
UNK,ABL-15,1
UNK,vc-816,1
UNK,contin1,25
UNK,hyp,1
UNK,hyp,1
UNK,UNK,21
FLPL,DVC,6
FLPL,AVAL,16
FLPL,AIBL,16
RMGL,RMDR,28
RMGL,RICR,1
RMGL,RMDL,2
RMGL,NRmotor,1
RMGL,NRLfrag,1
RMGL,RMDVL,30
RMGL,RIVR,1
RMGL,ALNL,4
RMGL,RMHL,1
RMGL,PLNL,1
RMGL,SIADR,3
RMGL,AVJL,3
RMGL,mus-VL,9
RMGL,CEPDL,4
RMGL,ABLP-20,3
RMGL,mus-L,1
RMGL,mus-NRL,3
RMGL,NRfrag,6
RMGL,AVBL,4
RMGL,AVEL,2
RMGL,SIBVL,1
RMGL,SMBVL,4
RMGL,SMDDR,5
branchy,yi-55,13
branchy,AVAR,13
branchy,AVAR,13
branchy,merv,13
CEMDL,CEPDL,10
CEMDL,ABL-??,2
CEMDL,mus,4
CEMDL,mus,4
CEMDL,IL2DL,2
CEMDL,mus-DL,10
CEMDL,AVBR,3
CEMDL,NRDLfrag,5
CEMDL,AVJL,3
CEMDL,CEPshDL,2
CEMDL,AVBL,9
CEMDL,CEPshDL,2
AVAR,zeb,12
AVAR,yi-49,7
AVAR,AVAL,5
AVAR,yi-55,14
AVAR,merv,21
AVAR,yi-56,3
AVAR,AVAL,5
AVAR,branchy,3
AVAR,null,1
RVGCB17,contin2734,1
OLQVR,SIBDR,21
OLQVR,NR54,9
OLQVR,IL1VR,9
OLQVR,RMER,5
OLQVR,IL2VR,5
OLQVR,RMDVL,21
OLQVR,IL2R,10
OLQVR,SMBVR,1
OLQVR,RICR,15
NRmotor,RIAR,10
NRmotor,RMDR,1
NRmotor,mus-VL,9
NRmotor,NRLfrag,2
NRmotor,IL1L,4
NRmotor,mus-NRL,11
NRmotor,RMDL,12
NRmotor,NRfrag,2
NRmotor,mus-L,5
NRmotor,RMHR,5
AVBL,contin2629,4
AVBL,AVAL,1
AVBL,AVAR,6
AVBL,AVBR,5
AVBL,contin2734,1
ADER,RIVL,2
ADER,RIGR,5
ADER,RIGL,5
ADER,contin6835,9
ADER,AVAL,9
ADER,ADEL,4
ADER,RIVR,1
unk-ventral-606,DDn,3
unk-ventral-606,VDn,3
y-1,CPn,2
y-1,mus,2
VC16,ASKL,1
VC16,AIBL,4
VC16,ASIL,4
NRleft,NRLfrag,2
vc-1022,vc-1025,1
vc-1022,null,1
vc-1022,AVDR,17
vc-1022,AVAR,18
vc-1022,vc-support,18
AVJL,MCML,2
AVJL,ALML,2
AVJL,SMBVL,1
AVJL,AVBL,5
AVJL,AVM,5
AVJL,PVCL,5
RMGR,NRDRfragAVD,1
RMGR,MCMR,2
RMGR,mus,1
RMGR,RIBR,22
RMGR,RMDR,4
RMGR,RIBR,22
RMGR,RMDVR,21
RMGR,SMDDL,3
RMGR,ABRP-2,1
RMGR,SMBVR,3
RMGR,mus-V,1
RMGR,ALMR,2
RMGR,SIBVR,2
RMGR,RMDDL,3
RMGR,mus-VR,3
RMGR,NRfrag,2
RMGR,OLLR,3
AIBL,RIMR,39
AIBL,AVEL,5
AIBL,RMFR,5
AIBL,SAADR,4
AIBL,RIBR,4
AIBL,AVBL,22
AIBL,AVKR,5
AIBL,SMDDR,8
AIBL,CEPshDR,2
AIBL,VGfrag40,3
AIBL,SIBVR,6
AIBL,RIML,1
AIBL,AIZR,7
AIBL,NRRfrag,5
AIBL,AIBL,2
VGmid,ASJR,2
VGmid,RIFR,10
VGmid,vc-right-31,12
VGmid,AVBL,12
ASER,AIBR,12
ASER,AIYR,24
ASER,NRDfrag,5
ASER,ADLR,2
ASER,neuron5,6
ASER,AFDR,2
ASER,AIZR,8
ASER,ADLR,2
ASER,AIAR,2
RIAR,AIZL,3
RIAR,CEPVR,3
RIAR,RMDL,12
RIAR,RMDVR,75
RIAR,SMDVR,25
RIAR,NRLfrag,12
RIAR,RMDVL,105
RIAR,RIVR,6
RIAR,NRDRfrag,8
RIAR,RIBR,30
RIAR,SIADL,4
RIAR,SIADR,4
RIAR,RIBL,16
RIAR,RMDR,31
RIAR,RIVL,6
RIAR,RIBL,16
RIAR,RMDDR,99
RIAR,NRmotor,10
RIAR,NRDfrag,1
RIAR,RMDDL,36
RIAR,AIZR,1
RIAR,SIAVL,21
RIAR,RIBR,30
RIAR,RMGL,1
RIAR,SMDDL,31
RIAR,SMDVL,39
RIAR,SMDDR,53
RIAR,RIAL,44
RIAR,SAADR,1
RIAR,ABRP-4,2
NRL,RIGL,9
NRL,AVEL,1
NRL,AINR,2
NRL,CEPshVL,2
NRL,RMDL,6
NRL,RMDVR,16
NRL,SMDVR,21
NRL,AVKL,5
NRL,AVKR,1
NRL,RMDDL,36
NRL,SMDDR,6
NRL,ADAL,1
NRL,RIBL,29
NRL,IL1VL,3
NRL,AVER,31
NRL,mus-VL,2
NRL,RIAL,12
NRL,mus-V,5
AVFL,MCML,30
AVFL,AVDR,4
AVFL,AVBL,29
AVFL,RIML,9
AVFL,VC36(RVGCB4),3
AVFL,vc-963,3
AVFL,RIFL,4
AVFL,RIML,9
AVFL,AVBR,4
unc-ventral-30,yi-30,3
unc-ventral-30,yi-11,6
unc-ventral-30,mus,5
unc-ventral-30,yi-13,5
unc-ventral-30,yi-24,5
unc-ventral-30,yi-18,6
unc-ventral-30,yi-56,4
unc-ventral-30,p,5
NRD,AVAL,6
NRD,AVAR,2
NRD,RMHR,2
NRD,AVEL,4
NRD,NRDfrag,3
AVKR,AIBR,5
AVKR,RIMR,7
AVKR,SIAVL,4
AVKR,RMDR,3
AVKR,SMDDL,3
AVKR,AVKL,1
AVKR,RIS,1
AVKR,SAAVR,5
AVKR,RIML,5
AVKR,AVER,9
AVKR,NRVfrag,2
AVKR,RIML,3
AINL,CEPVR,7
AINL,CEMVR,4
AINL,AUAR,1
AINL,CEPshVR,3
AINL,CEPshVR,4
AINL,AFDR,7
AINL,BAGL,8
NRR,URXR,2
NRR,RIMR,3
NRR,RIBR,4
NRR,AVBL,2
NRR,RICL,1
NRR,RICL,1
NRR,OLQVR,2
NRR,AVER,6
NRR,NRVfrag,5
NRR,NRfrag,8
NRR,AVBR,5
NRR,BAGL,1
RIAL,IL1DL,5
RIAL,RMDR,25
RIAL,RIVR,1
RIAL,RMDVR,73
RIAL,SMDVR,17
RIAL,NRLfrag,4
RIAL,RMDVL,66
RIAL,RMDL,11
RIAL,NRDRfrag,5
RIAL,NR54,15
RIAL,RIBR,20
RIAL,SIADR,3
RIAL,RIBL,7
RIAL,OLQVL,1
RIAL,RIVL,9
RIAL,AUAL,2
RIAL,RIBL,5
RIAL,RMDDR,47
RIAL,NRDfrag,1
RIAL,RMDDL,66
RIAL,NRfrag,1
RIAL,RIAR,31
RIAL,RIBR,20
RIAL,SMDDL,17
RIAL,SMDVL,17
RIAL,SMDDR,26
RIAL,RMGR,4
RIAL,SIAVR,34
RIAL,RIAL,2
NRV,OLLL,12
NRV,NRL,4
NRV,RMDDL,1
NRV,RIBL,2
NRV,IL1VL,2
NRV,AVER,15
vc-1022,vc-support,17
vc-1022,AVDR,17
vc-1022,AVAR,17
vc-right-21,contin2922,14
vc-right-21,AVAL,15
vc-right-21,contin9532,2
vc-right-21,AVBL,14
vc-right-22,AVEL,2
vc-right-22,PVCR,7
vc-right-22,DVA,2
vc-right-22,vc-right-21,2
vc-right-22,AVBL,7
vc-right-22,AVAL,4
contin3330,AVDR,1
PVPL,vc-left-14,1
PVPL,vc-1022,2
PVPL,vc-1022,2
PVPL,AVFL,3
PVPL,AVAR,11
PVPL,AVHL,3
PVPL,AVBL,6
PVPL,AVKR,8
PVPL,AVER,4
PVPL,RIFL,1
PVPL,AVBR,4
PVPL,AVDR,5
BDUL,ALML,2
NR54,RIAL,7
NR54,mus-V,5
RIR,RIAR,8
RIR,AVEL,2
RIR,AIZL,9
RIR,DVA,2
RIR,RIGR,2
RIR,ADFR,2
RIR,AUAR,3
RIR,uncle,2
RIR,AIZR,6
RIR,RIAL,9
RIR,NR,3
RIS,CEPVR,10
RIS,NRLfrag,1
RIS,RMDVL,1
RIS,RMDL,1
RIS,NR69L,3
RIS,AVL,2
RIS,AVEL,27
RIS,RIBR,14
RIS,RIS,4
RIS,AVKL,8
RIS,SMDDR,5
RIS,RIBL,12
RIS,RMDR,5
RIS,AVER,13
RIS,NRRfrag,2
RIS,RIMR,15
RIS,VC80,3
RIS,RMEV,13
RIS,RIML,25
RIS,RIML,4
RIS,RMED,1
RIS,RIBR,1
RIS,AVKR,31
RIS,SMBVR,1
RIS,NRV,5
ALNR,SMDVR,6
ALNR,SMDDL,3
ALNR,SAAVR,5
ALNR,SMBDL,1
ALNR,RMGR,2
ALNR,SIAVR,1
ALNR,NRRfrag,10
ALNR,ABRP-4,1
vc-979,RVGCB7,3
vc-979,mus-VR,15
vc-979,vc-1030,8
DCC6,mus-dr,4
DCC6,mus-DR,4
DCC6,DCC2,3
vc-975,ira,2
vc-975,mus-VR,3
RID,hyp,2
RID,RMGL,1
RID,MCML,1
DCC2,DCC6,3
DCC2,mus-DR,8
DCC2,DCM,10
DCC2,mus-dr,8
DCC2,mus-D,9
vc-1027,mus-VL,1
vc-1027,VC36(RVGCB4),1
RIBL,mus-D,9
vc-997,vc-right,9
vc-997,AVFR,7
vc-997,contin10527,2
vc-992,vc-997,1
vc-992,vc-2413,1
vc-992,vc-1030,1
vc-990,VCCB2,3
vc-990,contin2762,4
vc-990,AVDR,3
vc-990,AVAR,4
vc-990,vc-right,2
vc-990,AVFR,1
vc-990,AVAL,2
vc-990,vc-981,2
vc-990,contin9984,3
vc-990,contin2734,3
RMHL,mus-VR,11
RMHL,RIBR,2
RMHL,RMDR,5
RMHL,IL1R,2
RMHL,RIBR,2
RMHL,AVKL,3
RMHL,RMDVL,2
RMHL,RMGR,4
RMHL,RIGR,3
RMHL,CEPVR,1
RMHL,mus-V,9
RMHL,UNK,3
RMHL,NRRfrag,8
RMHL,CEPDR,2
yi-28,yi-49,1
yi-28,mus,4
yi-28,contin177,1
yi-28,yi-30,1
yi-28,DDn,6
yi-28,VDn,5
yi-24,,1
yi-24,UNK,1
yi-26,zeb,2
yi-26,AVAL,5
yi-26,AVAL,5
yi-26,yi-34,2
NRVLfrag,RICR,5
NRVLfrag,NRfrag,5
NRVLfrag,AIZL,1
NRVLfrag,NRLfrag,2
IL2L,URBL,18
IL2L,OLQVL,15
IL2L,RMER,7
IL2L,NRmotor,9
IL2L,SMBVL,3
IL2L,RIH,29
IL2L,RMDR,9
IL2L,NRLfraq,3
IL2L,RICR,3
IL2L,OLQDL,17
IL2R,frag,2
IL2R,OLQDR,24
IL2R,URBR,9
IL2R,RIBR,14
IL2R,RMDR,1
IL2R,IL1R,2
IL2R,RIBR,14
IL2R,RICL,3
IL2R,SMBVR,3
IL2R,RICL,3
IL2R,RIH,29
IL2R,IL1VR,1
IL2R,RMEL,1
IL2R,OLLR,2
IL2R,OLQVR,9
IL2R,RICR,3
ALMR,BDUR,13
ALMR,CEPVR,4
ALMR,AVBL,7
ALMR,NRDRfrag,2
ALMR,PVCR,7
ALMR,PVN_,16
ALMR,###,1
ALMR,CEPDR,18
contin2734,RVGCB17,4
contin2734,RVGCB13,3
contin2734,AVAR,15
contin2734,contin9216,1
contin2734,RVGCB7,4
contin2734,AVAL,8
contin2734,VCCB2,4
contin2734,contin1228,8
contin2734,AVBR,1
CEMDR,CEMDR,4
CEMDR,NRVfrag9,1
CEMDR,AVAR,4
CEMDR,URYDR,6
CEMDR,RIGR,13
CEMDR,labR,3
CEMDR,mus-DR,9
CEMDR,NRDfragAIB/AVB,5
CEMDR,NRRD,4
CEMDR,AVBR,4
CEMDR,AIBL,1
CEMDR,CEPDR,7
ASGL,AIAL?,10
ASGL,ASEL,1
ASGL,VC16,17
ASGL,AIZL,3
ASGL,AIML,5
ASGL,RICL,4
ASGL,AIAL,65
ASGL,vc-963,3
URXR,RIAR,7
URXR,AUAR,6
URXR,IL1R,2
URXR,AVAR,1
URXR,RIGR,16
URXR,RICL,1
URXR,IL2R,1
URXR,RICL,1
URXR,AVER,18
URXR,RMGR,1
URXR,NRRfrag,1
URYVL,RID,1
URYVL,NR21,1
CEPshVR,RMDDR,1
CEPshVR,AVEL,1
ira,vc-975,5
ira,ezra,2
ira,RVGCB8,2
NRDLfrag,NRDLfrag,1
NRDLfrag,AVEL,6
NRDLfrag,NRL,8
NRDLfrag,AVBL,1
NRDLfrag,SMDDR,18
NRDLfrag,AVER,7
vc-816,yi-24,1
vc-816,yi-7,3
vc-816,UNK,4
EF2,MCMR,13
EF2,EF3,13
EF2,CEMVR,1
EF2,AVFR,1
EF2,PVQR,19
EF2,RIFR,13
EF2,CEPshVR,2
EF2,EF1,2
VC575,RVGCB21,3
PVC_,b,6
PVC_,yi-28,2
PVC_,AVAR,2
PVC_,merv,6
PVC_,yi-49,4
PVC_,AVAR,2
ADAL,AVL,2
ADAL,hyp,1
ADAL,hyp,1
c,yi-37,2
c,AVKL,2
MCML,ABL-15,3
MCML,AVFL,2
MCML,AVBL,15
MCML,BDUL,3
MCML,SIAVL,2
MCML,ALML,3
MCML,AQR,1
MCML,CEMVL,2
MCML,SMBVL,3
MCML,AVHL,2
MCML,RIML,7
MCML,RICL,3
MCML,contin10626,2
MCML,ADAL,3
MCML,VGfrag,3
MCML,PVPL,1
MCML,RIML,7
MCML,PVCL,2
MCML,ABLP-17,3
MCML,RID,3
MCML,AVDR,4
vc-left-24,AVBL,3
vc-left-24,AIYL,3
vc-left-24,SIBDL,3
SIAVR,AVKR,1
vc-2499,mus-VR,4
vc-2499,mus,5
vc-2499,contin3374,2
vc-2499,RVGCB40,2
vc-2499,mus,5
vc-2499,DA1,2
vc-2499,vc-975,5
vc-2499,vc-980,2
IL1DL,RMDVL,23
IL1DL,mus-L,10
IL1DL,mus-DL,7
IL1DL,RIPL,11
yi-38,AVM,1
yi-38,yi-37,4
yi-38,AVKL,2
AVHR,VGRPVCL,3
AVHR,ASHR,2
AVHR,RIR,1
AVHR,ADFR,3
AVHR,PVPR,1
AVHR,AUAR,1
AVHR,SMBVR,9
AVHR,ADLR,3
AVHR,AWBR,3
AVHR,AIAR,2
RIVL,RIAR,5
RIVL,SDQR,1
RIVL,RMDDR,3
RIVL,NR54,13
RIVL,SAADR,21
RIVL,musVC,11
RIVL,RMDVL,4
RIVL,SMDDR,8
RIVL,mus-V,32
RIVL,SIAVR,19
RIVL,RIVR,13
RIVL,RIAL,6
IL1R,RMHL,5
IL1R,mus-VR,63
IL1R,RMDDR,26
IL1R,RIBR,10
IL1R,RIBR,10
IL1R,RMDVR,31
IL1R,mus-DR,2
IL1R,RMDVL,2
IL1R,RMDDL,1
IL1R,RMHL,5
IL1R,NRRfrag,1
DVA,RIR,31
DVA,RVGcom3,1
DVA,AQR,5
DVA,DVA,2
DVA,SMBDR,5
DVA,vc-right-22,4
DVA,AVHL,2
DVA,AVEL,39
DVA,VGfrag6,8
DVA,AVAR,2
DVA,NR77,4
DVA,AVER,16
DVA,RIMR,4
DVA,AVDR,1
DVA,ADEL,1
DVA,AUAR,2
DVA,AIZR,6
DVA,RIAR,4
DVA,NRL,2
DVA,SMBVL,1
DVA,SMBVR,5
DVA,VGLfrag,1
DVA,NRR,6
DVA,RIAL,1
ASEL,ASKL,4
ASEL,NR32,7
ASEL,AWCL,17
ASEL,AIYL,10
ASEL,AIBL,5
ASEL,RIBL,1
IL1L,RMDR,3
IL1L,mus-VL,8
IL1L,NRmotor,6
IL1L,mus-L,13
IL1L,RMDVL,12
IL1L,mus-NRL,29
IL1L,RMDL,14
IL1L,RMDDL,11
IL1L,NRfrag,3
IL1L,RMHR,6
RIVR,AIBR,9
RIVR,GLRVR,7
RIVR,RIAR,2
RIVR,mus-VR,7
RIVR,SIAVL,12
RIVR,NRmotor,4
RIVR,RMDVR,8
RIVR,SMDVR,6
RIVR,RMFL,3
RIVR,RIML,9
RIVR,musVC,1
RIVR,SAADL,18
RIVR,RIS,3
RIVR,RIVR,1
RIVR,RMDDL,3
RIVR,RIML,9
RIVR,RIAL,10
RIVR,GLRVL,18
RIVR,mus-V,8
PVT,RIGL,3
PVT,DVC,3
PVT,AIBR,3
PVT,NRVfrag9,8
PVT,AVKR,2
PVT,AVEL,2
PVT,SAADR,2
PVT,RIBR,2
PVT,NRVfrag^,3
PVT,AVKL,3
PVT,AVL,2
PVT,RMFR,7
PVT,RIGR,19
PVT,CEMVR,3
PVT,AIBL,8
IL1DR,RIPR,16
IL1DR,IL1R,1
IL1DR,RMDVR,18
IL1DR,NRfrag,1
IL1DR,mus-DR,19
Excretory Gland,RICR,2
Excretory Gland,SAADL,1
Excretory Gland,RMDDR,2
Excretory Gland,RIVR,1
ADLL,CEPDL,1
ADLL,AVDR,13
ADLL,ASKL,1
ADLL,PVQL,1
ADLL,AVFL,1
ADLL,SMBVL,1
ADLL,AVHL,1
ADLL,AVJL,9
ADLL,ASHL,4
ADLL,ASGL,8
ADLL,PVPL,1
ADLL,AIBL,15
RMFR,URYDR,2
RMFR,RIGR,4
RMFR,SIBVR,6
DVA,RIR,14
DVA,RVGcom3,1
DVA,AVAR,2
DVA,SMBVL,1
DVA,ADEL,1
DVA,AVHL,2
DVA,VGLfrag,1
DVA,AVER,14
DVA,RIAL,1
vc-right-40,PVR,1
vc-right-40,PVN_,1
ABL-??,AINR,4
URAVL,mus-VL,33
URAVL,RIPL,32
URAVL,RMEL,1
URAVL,RMEV,1
URAVL,IL1VL,1
AVG,hyp,2
AVG,branchy,5
mus-DL,mus-DL,2
mus-DL,RIPL,2
CPn,y-1,2
CPn,DDn,3
NRfrag,PLNR,1
NRfrag,RMHL,2
NRfrag,RIMR,1
NRfrag,ASKR,1
NRfrag,RMFR,2
NRfrag,RICR,2
NRfrag,URXR,7
NRfrag,RMDVR,4
NRfrag,RMHR,3
NRfrag,mus-VL,5
NRfrag,RICL,5
NRfrag,SMBDL,2
NRfrag,RICL,5
NRfrag,NRfraggg,6
NRfrag,NRR,6
NRfrag,AIZR,6
NRfrag,RMHL,2
NRfrag,AVBR,3
NRfrag,ABRP-4,2
NRfrag,PVQR,7
URAVR,RIPR,14
URAVR,RMER,11
URAVR,mus-VR,20
URAVR,mus-V,12
VA/Bnn,yi-28,2
VA/Bnn,DDn,9
VA/Bnn,mus,6
VA/Bn,p,8
VA/Bn,DDn,8
VA/Bn,mus,6
VA/Bn,VDn,3
BAGL,RIAR,36
BAGL,AIYR,1
BAGL,RIBR,19
BAGL,AIBR,1
BAGL,RIGR,14
BAGL,RMFR,5
BAGL,AFDR,1
BAGL,ASER,1
BAGL,NRRfrag,4
AIZL,RIML,13
AIZL,RIAR,5
AIZL,DVA,1
AIZL,DVA,1
AIZL,SMBVL,28
AIZL,AVKR,1
AIZL,ADFL,4
AIZL,SMBDL,33
AIZL,AIAL,9
AIZL,RIH,1
AIZL,SMBVR,2
AIZL,AVER,14
AIZL,RIML,13
AIZL,RIAL,41
AIZL,AIBR,25
AIZL,AWAL,9
URADL,mus-L,2
URADL,mus-DL,13
URADL,RIPL,15
RMDVR,NRL,1
RMDVR,OLQVL,3
RMDVR,SMBVL,1
RMDVR,mus-NRL,7
RMDVR,IL1VL,3
RMDVR,RMDDL,68
RMDVR,mus-VL,62
RMDVR,mus-V,4
RMDVL,RMHL,1
RMDVL,mus-VR,29
RMDVL,RMDDR,66
RMDVL,RIPR,1
RMDVL,mus-V,42
RMDVL,RMHL,1
URADR,RIPR,15
URADR,RMER,9
URADR,mus-DR,19
URADR,mus-D,9
contin24,contin1,8
contin24,contin30,3
AWAR,AIYR,3
AWAR,ADFR,13
AWAR,AFDR,7
AWAR,AIZR,82
AWAR,ADLR,3
AWAR,AWBR,4
yi-16,yi-35,2
yi-16,yi-34,2
yi-10,yi-9,1
yi-10,yi-11,1
yi-10,yi-34,1
yi-12,y-1,1
yi-12,yi-10,1
VGfrag4,RIAR,16
VGfrag4,SMBDR,7
VGfrag4,vc-right-31,2
VGfrag4,ADFR,4
VGfrag4,SMBVR,2
VGfrag4,vc-6105,2
VGfrag4,RIFR,3
VGfrag4,AVBR,2
VGfrag6,DVC,3
VGfrag6,DVA,3
VGfrag6,vc-right-30,3
yi-19,yi-4,1
yi-19,VDn,1
yi-19,DDn,10
yi-19,mus,5
yi-19,yi-23,5
VGfrag1,ASGR,1
VGfrag1,vc-6072,4
VGfrag1,vc-6067,2
VGfrag1,AIAR,32
VGfrag3,AIYR,6
VGfrag3,VGfrag2,6
PVPR,MCMR,2
PVPR,AQR,2
PVPR,RIGR,2
PVPR,AVBL,4
PVPR,SMBVR,1
PVPR,RIFR,2
PVPR,ADLR,1
PVPR,AVBR,4
PVPR,AIBL,2
AWAL,AWBL,6
AWAL,AFDL,15
AWAL,ASEL,5
AWAL,AIZL,46
AWAL,NR32,6
AWAL,AUAL,2
AWAL,ADFL,9
AWAL,RIBL,3
AWAL,AIYL,12
AWAL,ASIL,2
RVGCB20,hyp,1
RVGCB20,hyp,1
RVGCB20,vc-2413,2
RVGCB20,vc-2506,4
RVGCB20,mus-D,2
RVGCB29,VCCB2,2
RVGCB29,RVGCB40,2
RVGCB29,AVAR,1
IL1VR,mus-VR,25
IL1VR,RMDDR,44
IL1VR,RMER,1
IL1VR,IL2VR,1
IL1VR,SMDVL,2
IL1VR,RIPR,28
IL1VR,mus-V,28
VGfrag,BDUL,2
VGfrag,MCML,1
VGfrag,ALML,2
VGfrag,AVBL,2
VGfrag,contin10626,2
VGfrag,AVJL,2
VGfrag,PVCL,3
ASGR,AIBR,8
ASGR,AIMR,1
ASGR,VGfrag1,6
ASGR,VGfrag2,7
ASGR,AIAR,60
neuron5,ASER,4
neuron5,AIYR,11
neuron5,AWCR,4
neuron5,NR102,1
IL1VL,AIBR,3
IL1VL,OLQVL,3
IL1VL,RIPL,44
IL1VL,RIGL,3
IL1VL,RMDDL,75
IL1VL,mus-VL,63
IL1VL,RIAL,3
AIMR,AIBR,33
AIMR,ASKR,7
AIMR,ASJR,1
AIMR,URXR,1
AIMR,ASGR,4
AIMR,NRRfrag,1
AIMR,AIAR,38
SIAVL,RIVR,1
PLNR,SAADR,20
PLNR,SMBVR,9
PLNR,RMGR,5
PLNR,VGfrag40,3
PLNR,SMDDR,1
PLNR,NRRfrag,1
CEPVR,RICR,22
CEPVR,AWCR,1
CEPVR,RIPR,3
CEPVR,OLQVR,29
CEPVR,OLLR,24
CEPVR,PVR,5
CEPVR,RMHL,8
CEPVR,AVEL,18
CEPVR,RIBR,2
CEPVR,AVER,7
CEPVR,RMHR,5
CEPVR,URXR,7
CEPVR,MCMR,1
CEPVR,RMDDR,15
CEPVR,IL1VR,11
CEPVR,IL2VR,4
CEPVR,CEMVR,1
CEPVR,RMHL,8
CEPVR,RICL,20
CEPVR,URAVR,15
CEPVR,SMDVL,2
CEPVR,RICL,20
CEPVR,SMDDR,7
CEPVR,SIAVR,10
AWCL,AIAL?,4
AWCL,ASEL,4
AWCL,ASKL,2
AWCL,NR32,10
AWCL,AIYL,5
AWCL,AIBL,3
AWCL,AIAL,12
ADLR,AIBR,49
ADLR,VGRPVCL,9
ADLR,ASHR,10
ADLR,AVFR,2
ADLR,ASER,4
ADLR,ASGR,1
ADLR,SMBVR,8
ADLR,NRR,6
ADLR,NR,2
ADLR,NRRfrag,1
ADLR,AIAR,22
AUAL,AVEL,5
AUAL,NRL,3
AUAL,ABLP-29,1
AUAL,AINR,7
AUAL,ADFL,7
AUAL,AVAL,6
AUAL,uncle,2
AUAL,RIBL,17
AUAL,NRDfrag,5
AUAL,RIAL,42
CEPDL,IL1DL,10
CEPDL,RMHL,12
CEPDL,URXL,3
CEPDL,AVEL,8
CEPDL,NRmotor,7
CEPDL,RMGL,1
CEPDL,AVAR,1
CEPDL,SMBDR,5
CEPDL,SMDDL,1
CEPDL,SIADR,8
CEPDL,IL1L,4
CEPDL,RMHR,7
CEPDL,NRLfrag,8
CEPDL,RICR,10
CEPDL,OLQDL,21
riker,mus-D,1
MCMR,VC25,2
MCMR,vc-3152,1
MCMR,MCMR,3
MCMR,RMDDR,2
MCMR,CEPVR,1
MCMR,PVN_,3
MCMR,AQR,2
MCMR,NRRD,2
MCMR,AVBL,2
MCMR,CEMVR,6
MCMR,RIPR,6
MCMR,ABRP-16,2
MCMR,PVN_2,4
MCMR,RIFR,23
MCMR,EF3,3
MCMR,AVBR,41
MCMR,VGRPVCL,7
SAAVL,RIML,1
SAAVL,RMFR,10
SAAVL,AVAL,65
SAAVL,SMDDR,26
SAAVL,RIMR,46
SAAVR,RIMR,5
SAAVR,AVAR,65
SAAVR,RMFL,6
SAAVR,SMDVR,1
SAAVR,RIML,27
SAAVR,RIML,27
SAAVR,SMDDL,17
AUAR,RIAR,39
AUAR,RIBR,23
AUAR,URXR,1
AUAR,BAGL,3
AUAR,ADFR,11
CEPDR,OLQDR,16
CEPDR,RMHL,6
CEPDR,AVEL,3
CEPDR,RIBR,2
CEPDR,RICR,13
CEPDR,RIBR,2
CEPDR,RIPR,5
CEPDR,RICL,19
CEPDR,RICL,19
CEPDR,URADR,5
CEPDR,SIAVR,7
CEPDR,NRfrag,7
CEPDR,RMHL,6
CEPDR,ABRP-4,8
CEPDR,IL1DR,16
AFDL,NR115,1
AFDL,NRLfrag,1
AFDL,AIYL,55
AFDL,CEPshVL,2
AFDL,NR32,3
contin6779,Excretory Gland,3
contin6779,AVAL,8
contin6779,RVGCB10,5
ABR-4,ABR-6,1
ABR-4,SMDVR,1
SMDDL,RIAR,8
SMDDL,AVEL,1
SMDDL,mus-D,4
SMDDL,SMDVL,2
SMDDL,SAAVR,4
SMDDL,SMBDL,4
SMDDL,NRD,3
SMDDL,RIAL,4
SMDDR,RIAR,9
SMDDR,RIBL,20
SMDDR,mus-D,21
SMDDR,RMDR,1
SMDDR,mus-DL,5
SMDDR,mus-DL,5
SMDDR,RIBL,20
SMDDR,NRfrag,1
SMDDR,RIAL,13
vc-963,contin10626,2
vc-963,AVHL,2
contin7197,mus-VR,2
vc-966,RVGCB7,2
vc-966,RVGCB17,2
vc-966,vc-2506,1
vc-966,vc-988,1
vc-966,mus-D,2
SMDVR,RIAR,36
SMDVR,RMED,14
SMDVR,SMDDL,22
SMDVR,mus-V,21
SMDVR,RIVR,1
SMDVR,RMDDL,1
SMDVR,RIAL,37
SMDVR,NRV,4
EF3,PVPR,11
EF3,MCMR,23
EF3,VC33,1
EF3,RIBR,1
EF3,CEMVR,3
EF3,AVFR,7
EF3,SMBVR,1
EF3,RIFR,17
EF3,AVBR,29
vc-986,AVAL,2
vc-986,contin9984,2
vc-981,RVGCB29,2
vc-981,contin9321,2
vc-981,AVAL,5
vc-981,RVGCB8,3
vc-981,UNK,5
vc-981,RVGCB29,2
vc-980,contin1015,3
vc-980,RVGCB40,2
vc-980,mus-VR,10
vc-980,vc-979,4
vc-980,vc-2434,2
vc-988,riker,2
vc-988,null,1
vc-988,picard,8
vc-988,vc-1000,1
vc-988,hyp,7
vc-988,RIFR,1
vc-988,contin10517,1
vc-988,contin10532,4
yi-56,zeb,3
yi-56,AVAR,4
yi-56,AVAR,4
yi-56,branchy,1
yi-56,yi-34,3
contin2629,contin2629,3
contin2629,AVAL,11
contin2629,UNK,1
contin2629,AVAR,20
contin8165,vc-975,1
contin8165,RICL,1
contin8165,RICL,1
CEPshVR,RMDDR,1
CEPshVR,AVEL,1
VDn,yi-28,4
VDn,mus,26
VDn,AVAR,4
VDn,yi-19,3
VDn,VA/Bnn,1
VDn,unk-ventral-606,1
VDn,AVAR,4
VDn,PVM,3
RMDDR,mus-D,4
RMDDR,mus-DL,15
RMDDR,SMBDR,3
RMDDR,RMEV,1
RMDDR,lefty,7
RMDDR,RMDVL,32
RMDDR,mus-L,21
RMER,RMER,2
RMER,mus-VL,8
RMER,IL1L,3
RMER,mus-NRL,10
RMER,mus-L,24
RMEV,mus-D,37
RMEV,RIBL,3
RMEV,RIBL,3
RMEL,RMHL,3
RMEL,mus-VR,41
RMEL,IL1R,1
RMEL,RMEL,1
RMEL,mus-V,3
RMEL,RMHL,3
AIAL,NR32,6
AIAL,AINR,5
AIAL,AWCL,23
AIAL,AIYL,6
AIAL,RIFL,25
AIAL,AIBL,42
AIAL,AIAL,24
RMDDL,mus-VR,15
RMDDL,mus-DR,17
RMDDL,RMDVR,33
ABLfrag,ABLfrag,3
ABLfrag,RMDL,3
RMED,GLRVR,1
RMED,SMDDL,3
RMED,RMDVL,3
RMED,SMDDR,15
RMED,mus-V,54
RMED,RIBL,3
AINR,AFDL,17
AINR,NR31,5
AINR,AVEL,1
AINR,CEPshVL,3
AINR,RIGL,3
AINR,AIAL,8
AINR,NR,7
AINR,CEPVL,3
AINR,RIAL,24
AINR,AIBL,9
AINR,AIYL,3
SMBVL,Excretory Gland,3
SMBVL,PLNL,4
SMBVL,MCML,3
SMBVL,SIBVL,3
SMBVL,RMGL,1
SMBVL,AVJL,1
SMBVL,RMDVR,18
SMBVL,VGfrag,1
SMBVL,contin10625,3
SMBVL,SAADL,26
SMBVL,mus-V,38
SMBVL,RIVR,2
SMBVL,mus-VL,10
SMBVL,vc-2928,2
contin10530,VC36(RVGCB4),1
AVL,PVT,2
AVL,RIAL,1
AVL,RIS,1
AVL,RMEV,10
AVM,RIBR,5
AVM,AVBL,3
AVM,PVN_2,4
AVM,PVCL,2
AVM,VGRPVCL,5
AVM,yi-38,3
AVM,AVKL,5
AVM,AVJL,6
AVM,vc-975,3
AVM,EF3,5
AVM,RIMR,3
AVM,MCMR,1
AVM,BDUR,2
AVM,AVDR,2
AVM,vc-right-31,5
AVM,VGfrag,5
AVM,RIFR,1
AVM,AVBR,23
AVM,e,1
AVM,PVCR,7
AVM,SMBVL,3
AVM,contin10626,6
AVM,PVN_,6
VC36(RVGCB4),MCML,3
VC36(RVGCB4),PVQL,1
VC36(RVGCB4),AVFL,6
VC36(RVGCB4),VC575,5
VC36(RVGCB4),AVFR,2
VC36(RVGCB4),mus-D,1
VC36(RVGCB4),vc-963,6
VC36(RVGCB4),RIFL,3
VC36(RVGCB4),RVGCB16VDn,2
VC36(RVGCB4),AVBL,16
VC36(RVGCB4),mus-VL,3
DA1,contin1015,4
DA1,vc-1030,2
DA1,contin1029,1
DA1,RVGCB40,3
DA1,RVGCB7,4
DA1,vc-992,4
DA1,vc-979,2
DA1,RVGCB16VDn,4
DA1,null,4
contin10788,UNK,1
contin10788,ABL-10,1
contin10494,mus-D,2
SMBDR,CEPDL,17
SMBDR,RMDDR,10
SMBDR,IL1DL,7
SMBDR,mus-DL,73
SMBDR,SMBDR,3
SMBDR,SAAVL,6
SMBDR,NRLfrag,5
SMBDR,SMBVR,3
SMBDR,CEMDL,5
SMBDR,NRfrag,45
SMBDR,OLQDL,7
merv,PVC_,1
NRLfrag,AVKR,2
NRLfrag,ABLP-20,1
NRLfrag,URXL,3
NRLfrag,AVEL,31
NRLfrag,AFDL,1
NRLfrag,RMDR,2
NRLfrag,RMGL,4
NRLfrag,NRLfraq,1
NRLfrag,IL2L,1
NRLfrag,AVBL,10
NRLfrag,DVC,2
NRLfrag,RICR,1
NRLfrag,AVJL,7
NRLfrag,RMHR,2
NRLfrag,NRLfrag,6
NRLfrag,NRleft,3
NRLfrag,NRRfrag,1
NRLfrag,AIYL,6
SMBDL,AIBR,2
SMBDL,mus-D,13
SMBDL,ALNR,1
SMBDL,SAAVR,7
SMBDL,mus-DR,77
SMBDL,RIML,2
SMBDL,RIML,2
SMBDL,RMED,57
SMBDL,NRfrag,2
SMBDL,CEPDR,2
NRVfrag,CEPVL,3
vc-6097,RVGCB10,18
vc-6097,contin6779,6
vc-6097,AQR,7
vc-6097,RIGR,3
vc-6097,ADER,2
vc-6097,AVAL,3
vc-6097,SAAVL,1
ABR-12,ABR-11,1
ABR-12,ABR-10,1
IL2DL,IL1DL,1
IL2DL,RICR,4
IL2DL,URADL,11
IL2DL,contin10006,5
IL2DL,RIPL,8
VC39,RIBL,1
VC39,NRL,1
NRVL,DVC,3
NRVL,RIGL,3
ABL-6,ABL-7,1
IL2DR,OLQDR,3
IL2DR,RMER,4
IL2DR,URYDR,1
IL2DR,RMEV,1
IL2DR,RIPR,10
IL2DR,RICL,3
IL2DR,RICL,3
IL2DR,URADR,7
IL2DR,RIH,4
IL2DR,NRDfrag,2
IL2DR,RMEL,3
IL2DR,RMED,3
IL2DR,IL1DR,3
NR,AVER,3
NR,RMGR,1
NR,RMDVR,1
NR,RIGR,5
ABR-11,ABR-3,1
NRL500,AFDL,2
NRL500,NR,1
NRL500,AINR,6
NRL500,CEPshVL,4
NRDfrag,AFDL,10
NRDfrag,AVEL,3
NRDfrag,AWCL,1
NRDfrag,AUAL,1
NRDfrag,RMDVR,10
NRDfrag,SMDDL,6
NRDfrag,RIGR,1
NRDfrag,RMDDL,10
NRDfrag,SMDDR,1
NRDfrag,NRDfrag,1
NRDfrag,AVER,3
NRLfrag\,RIML,6
NRLfrag\,RIML,6
NRLfrag\,NR,5
NRLfrag\,AVBR,1
unk111,RIPR,4
unk111,AVBR,4
SDQR,FLPR,2
SDQR,SDQR,10
SDQR,ALMR,12
SDQR,VGfrag6,2
SDQR,DVA,23
SDQR,AVBL,33
SDQR,FLPL,13
SDQR,DVA,3
SDQR,RIVR,9
SDQR,PVCL,2
SDQR,FLPL,10
SDQR,AVBR,19
SDQR,###,10
SDQR,PVR,16
NRfrnow,RIGL,16
NRfrnow,AUAL,1
NRfrnow,RIAL,6
AVFR,MCMR,30
AVFR,MCML,1
AVFR,AVFL,4
AVFR,EF3,4
AVFR,contin10626,4
AVFR,VGfrag,4
AVFR,OLQVR,7
AVFR,RIFL,1
AVFR,mus-VL,3
AVFR,RIFR,28
AVFR,AVBR,23
AVFR,EF1,6
NBRP-2,ABR-6,2
NBRP-2,UNK,1
NBRP-2,ABR-4,1
NBRP-2,MCMR,1
NBRP-2,ABR-11,4
AIBR,FLPR,5
AIBR,RIMR,2
AIBR,DVA,1
AIBR,SMDDL,10
AIBR,RMFL,2
AIBR,AVKR,4
AIBR,RIML,33
AIBR,ASGR,4
AIBR,SAADL,3
AIBR,DVA,1
AIBR,RIVR,6
AIBR,AVER,4
AIBR,RIML,33
AIBR,AIMR,4
AIBR,AVBR,18
AIBR,AIAR,4
RVGcom3,vc-left-7support,1
RVGcom3,RMGL,3
RVGcom7,vc-962,1
RVGcom7,AVDR,8
RVGcom7,AVBR,7
RVGcom7,AVBL,10
ADFR,RIPR,1
ADFR,ABR-6,2
AIYL,AWBL,4
AIYL,AFDL,3
AIYL,RIAR,2
AIYL,AIZL,146
AIYL,AUAL,4
AIYL,CEMVL,2
AIYL,vc-2753,3
AIYL,RIR,1
AIYL,RIBL,132
AIYL,NRLfrag_AIA?,9
AIYL,AIZR,2
AIYL,RIAL,159
DCC10,mus-DR,2
DCC10,DCM,2
DCC10,mus-dr,2
PVCL,SIAVL,2
PVCL,PVCR,2
PVCL,AVDR,12
PVCL,AVBL,16
PVCL,AVAL,2
PVCL,light,5
PVCL,RID,5
PVCL,NR21,2
PVCL,AVBR,6
NRDRfrag,AVER,2
NRDRfrag,AVKR,6
NRDRfrag,RMDR,4
VGRPVCL,contin2922,2
VGRPVCL,PVCR,3
VGRPVCL,RIS,5
VGRPVCL,AVBL,4
VGRPVCL,AVM,2
VGRPVCL,RIFR,2
VGRPVCL,AVBR,5
NR31,AWCL,1
NR31,AINR,2
NR31,AIYL,1
NR32,light,2
NR32,NRffffrag,2
NR32,NRfraggg,2
NR32,AVBL,4
ASJL,NRDfrag,4
ASJL,PVQL,24
ASJL,URADL,2
ASJL,ASKL,12
ASJL,OLQDL,2
AWBR,ADFR,19
AWBR,RIAR,24
AWBR,RIBR,6
AWBR,AIZR,13
AWBR,NRRfrag,2
VC80,AVKR,14
VC80,NRVfrag9,4
VC80,RVGCB10,1
VC80,AVEL,4
VC80,VGfrag6,4
VC80,AQR,2
VC80,AVAR,1
VC80,DVC,3
VC80,SMBVR,5
VC80,NR126,5
CEMVL,AVDR,2
CEMVL,NRVRfrag,1
CEMVL,NRL,4
CEMVL,AVFL,5
CEMVL,CEMVL,3
CEMVL,RIBL,8
CEMVL,CEPshVL,2
CEMVL,AVBL,9
CEMVL,AWCL,3
CEMVL,AIAL,2
CEMVL,RID,2
CEMVL,CEPVL,6
CEMVL,RIAL,5
CEMVL,L,1
CEMVL,MCML,5
ASIR,ASKR,4
ASIR,AWCR,1
ASIR,VGfrag2,1
ASIR,VGfrag3,1
ASIR,ASGR,2
ASIR,AFDR,7
ASIR,VGfragment,11
ASIR,AIAR,4
contin16,contin1,8
contin16,UNK,8
howie,mus,3
howie,VDn,3
SMDVL,GLRVR,6
SMDVL,RIAR,50
SMDVL,RMDDR,45
SMDVL,AVEL,23
SMDVL,mus-D,2
SMDVL,RMED,1
SMDVL,RIBR,8
SMDVL,RMEV,2
SMDVL,SMDVL,21
SMDVL,RMDVL,27
SMDVL,SMDDR,34
SMDVL,mus-V,36
SMDVL,CEPVR,4
SMDVL,IL1VR,6
SMDVL,RIAL,30
ABRP-2,RIMR,7
ABRP-2,AVAR,4
ABRP-2,AVAL,20
ABRP-2,RMGR,2
ABRP-2,AVER,2
ABRP-2,NRfrag,11
ABRP-2,OLLR,2
