pre,post,Z
PHB,AVA,10.384
AIY,RIA,-9.573
PHB,PVC,9.113
AIY,AIZ,-8.257
AIY,RIB,-7.778
PHC,AVG,-7.679
AIM,AIB,-7.502
RIA,RIB,-7.123
AWA,AIZ,-5.453
SMD,RMD,-4.975
RIA,SIA,-4.943
URB,URX,4.942
PLN,SAA,-4.687
SMB,SAA,-4.465
ALM,CEP,-4.422
RIH,OLQ,-4.394
OLQ,IL2,-4.358
DVC,AVK,-4.331
RMF,AVK,4.312
DVC,RMF,4.126
PVR,IL1,4.126
AVF,AVB,-4.070
DVA,RIR,-4.029
PQR,AVA,-4.028
ASE,AIY,4.018
ADA,AVB,3.994
PDE,DVA,-3.884
RIV,SAA,-3.848
IL2,IL1,3.840
AVF,PVC,-3.794
PHA,PVC,-3.714
SMD,RIA,-3.640
OLQ,RIC,-3.601
SIB,SMD,-3.566
RIB,RIA,-3.563
LUA,AVA,3.527
AVA,DA06,-3.517
ADL,AVA,3.447
ADL,AVB,3.447
BDU,PVN,3.447
SDQ,AVA,3.447
SDQ,RMH,3.447
DVC,AVA,-3.414
PHC,DVA,3.408
PHA,PHC,-3.408
RIM,SAA,-3.377
RIC,AVA,-3.324
AVF,RIF,-3.299
AIN,RIA,-3.285
RMG,RIB,-3.285
SMD,RIB,-3.279
URA,IL1,3.214
PHC,PVC,3.153
RMF,RMD,3.118
CEP,URB,3.062
ALN,SAA,-3.036
AUA,RIA,-3.031
AIZ,SMB,-3.022
AVA,AS11,-3.021
PVP,PVC,3.018
AVA,VA10,-3.006
IL1,URA,2.984
AUA,ADF,-2.962
FLP,AVA,2.953
ASH,AVA,2.939
AVF,vBWM,-2.919
PHB,AVD,2.919
ADA,RIG,-2.919
AWC,AWC,2.898
RIS,RMD,2.873
AVA,PVC,2.868
AIA,AIA,-2.826
CEP,URY,2.766
PVC,SIB,2.766
AVA,VA11,-2.765
ADA,AVJ,2.743
URX,AUA,2.733
ADA,AVA,2.725
ADE,RMD,2.725
AVF,PQR,-2.725
SMD,AVE,-2.723
OLQ,RIH,2.669
SMB,RMD,-2.655
PQR,DBO6,-2.626
IL2,URB,-2.626
BAG,AVE,2.599
PVN,MUBODY,2.599
RIG,AIZ,2.599
RIM,RIM,2.599
URB,IL1,2.599
RIG,AVA,-2.599
PHA,LUA,-2.599
PHB,PHA,-2.599
ASG,AIB,2.564
MNVC,PVC,-2.546
AIM,AVF,2.525
PVN,AVJ,2.525
PVN,PVW,2.525
PVP,AVB,2.520
AWB,RIA,-2.476
IL2,RIP,2.470
AVF,VA12,-2.463
LUA,AVF,-2.463
AWB,RIB,-2.463
AIY,SIB,-2.463
AIZ,RIA,-2.459
PHB,PHC,-2.454
SDQ,PVR,-2.446
CEP,MUHEAD,2.440
AVG,VD13,-2.437
AVG,VD13,-2.437
AVL,RME,-2.437
SIA,PLN,2.437
URX,RIA,2.424
DVB,AVL,2.423
AIZ,RIM,2.407
PVC,RID,2.402
RIF,PVP,2.372
RIM,AVA,2.367
ASE,AIA,2.362
AIB,RIB,2.359
AIN,RIB,2.357
AVE,AVD,2.357
RMG,MUHEAD,2.357
ASI,AFD,-2.357
ADA,RIA,-2.357
AFD,AIY,-2.356
AIB,SMD,2.354
AUA,AVE,2.349
LUA,AVD,2.341
AVG,DA09,-2.323
AVG,DA09,-2.323
ASH,ADL,2.320
RIH,RIP,-2.312
PHB,AVG,-2.299
PVQ,AVF,-2.299
AIA,ASE,2.295
PHA,AVG,2.295
RIH,CEP,-2.290
AVM,PVC,2.285
FLP,AIB,-2.280
IL1,AVE,2.254
RIF,RIM,-2.239
PVR,AVJ,2.230
RIS,AVK,-2.210
DVB,DA08,2.205
AVF,PVN,-2.202
IL1,IL1,2.188
IL2,RIB,-2.188
PHC,PHC,-2.181
PVR,AVB,2.163
AVB,AVA,2.158
RMD,RMD,-2.158
SDQ,FLP,-2.150
AVA,DA09,2.147
PVT,RIG,-2.146
DVC,RIG,2.133
AIM,AIA,-2.129
RIC,AIB,-2.126
URB,RMD,-2.126
ASI,ASE,2.123
FLP,MNVC,2.123
PVN,hyp,2.123
RIF,AVJ,2.123
PHA,AVA,-2.123
AVF,AVD,-2.123
SAA,RIM,2.109
DVB,hyp,2.086
BAG,RIB,2.085
AVJ,AVB,2.083
DVB,int,2.078
SAA,IL1,2.071
SAA,RIP,2.071
SMD,PLN,2.071
IL2,ADE,2.067
IL1,RIB,-2.067
ASH,AVB,2.065
PVR,RIP,2.064
RMD,RIA,2.059
RIR,URX,2.058
ADE,RIG,2.056
RIC,SMD,-2.055
PVC,AVD,2.005
SMD,ALN,1.996
RIB,AVE,1.978
RIV,SIA,-1.978
RIB,RMD,-1.971
RIM,AVB,-1.969
DVA,AVE,-1.947
ADE,RMG,1.946
AVH,PVP,1.946
AVF,PVP,-1.946
CEP,RMG,1.944
CEP,CEP,1.944
IL1,RME,1.933
PVC,AVB,1.933
AVG,AVJ,1.933
PVP,AQR,1.925
AWB,AIY,-1.925
SDQ,ALM,-1.925
AUA,RIB,1.919
URA,RMD,1.914
AVF,AVF,1.905
OLQ,SIA,1.903
IL1,RIP,-1.880
RMD,IL2,-1.879
IL2,RIC,-1.875
RIC,RIM,1.872
IL2,RME,1.865
AVL,vBWM,1.852
AIY,AWA,1.845
SAA,OLL,1.841
SMB,IL1,-1.841
OLQ,OLQ,-1.841
SMB,OLQ,-1.841
ADF,RIR,1.840
ADF,URX,1.840
AIN,ASI,1.840
AIZ,RIC,1.840
AVF,AVH,1.840
RIA,SMB,1.840
RIB,AIB,1.840
RIB,AVA,1.840
AVA,LUA,1.829
CEP,URA,-1.822
DVA,AUA,1.813
RIS,RIM,-1.790
RIH,SMD,-1.785
CEP,BDU,1.768
RIM,AIB,1.768
ADF,RIG,1.756
RIM,RMD,1.751
AVJ,PVC,1.748
CEP,RMD,1.739
SMD,RIM,1.739
AVF,AS11,-1.733
ADE,AVD,1.733
ADE,AVE,1.733
ADE,MUHEAD,1.733
AFD,ASE,1.733
AIB,AVA,1.733
AIM,RMG,1.733
AIY,AIY,1.733
AIZ,SMD,1.733
ASH,ADA,1.733
ASH,AVE,1.733
AVB,AVD,1.733
AVH,AVB,1.733
AWB,RIR,1.733
BAG,AVA,1.733
BDU,AVA,1.733
BDU,AVJ,1.733
FLP,DVA,1.733
FLP,hyp,1.733
OLL,ADE,1.733
PVN,PVC,1.733
RIC,MNVC,1.733
RIP,hyp,1.733
SDQ,RIC,1.733
URX,ADA,1.733
URX,SMB,1.733
ASK,ASH,-1.733
RIG,PLN,-1.733
OLL,CEP,1.728
AVH,AVJ,1.723
AVJ,AVA,1.723
BDU,ADE,1.723
RIM,MNVC,1.723
SDQ,AIB,1.723
URB,SIA,1.723
URX,RIP,1.723
URX,RMD,1.723
AIY,AIA,-1.723
RIV,AIB,-1.723
PVN,AVF,-1.723
ADE,AVK,-1.723
AVF,RIM,-1.723
RIG,RIM,-1.723
RIV,RIM,-1.723
SDQ,RIV,-1.723
PLN,RMG,-1.723
PVC,SIA,-1.723
RMD,URA,1.718
IL1,IL2,1.718
RIC,SAA,-1.710
OLQ,IL1,-1.693
SMD,RIV,1.692
DVA,SMB,1.690
IL1,URY,1.683
IL2,SMB,-1.683
AVM,PVN,1.677
AVG,PQR,-1.677
AIY,AFD,-1.675
URX,RIC,1.672
SMD,SIB,-1.660
AWA,ADF,-1.650
ADL,ASE,1.648
ALN,SMD,-1.648
IL1,OLL,1.633
IL2,AVE,1.633
ADF,SMB,1.633
AWC,AIB,1.629
AVA,VA09,-1.627
ASK,AIA,1.626
AIB,RIM,1.624
RIF,AVB,-1.622
ADE,FLP,1.610
ADE,OLL,1.610
ADL,AWC,1.610
AVA,AVB,1.610
AVJ,AVD,1.610
AWC,RIA,1.610
LUA,AVJ,1.610
PVN,PVT,1.610
RIG,URX,1.610
RIP,BAG,1.610
URX,AVB,1.610
ALM,AVB,-1.610
PHB,AVH,-1.610
AIB,AVK,-1.610
LUA,LUA,-1.610
PHC,PVN,-1.610
RIM,RIF,-1.610
RMD,IL1,1.595
CEP,SIA,-1.592
PVC,AVE,1.591
RMH,RMD,-1.591
ADF,RIA,1.584
SAA,SMB,1.578
SMD,GLR,-1.578
SMD,IL1,-1.578
OLQ,RMD,-1.566
OLQ,RIP,1.563
ASG,AIA,-1.561
ASK,AIM,1.551
AVH,RIR,1.551
PVN,PVN,1.551
AIZ,AWA,-1.551
ASH,AIA,-1.545
RIS,RME,-1.542
OLL,SMD,-1.541
AWC,ASE,1.538
SDQ,SDQ,-1.538
SAA,AIB,1.529
SIA,RMD,1.529
SMD,RIS,1.529
OLQ,SMB,-1.529
PVC,PVC,1.528
AVL,MNVC,1.520
PQR,AVD,1.520
AVA,DA07,-1.518
ADL,AIA,1.517
ADA,AVD,1.506
ADE,CEP,1.506
ADL,URX,1.506
AIY,AWC,1.506
AVA,AVE,1.506
AVD,AVD,1.506
AVF,AVJ,1.506
OLL,OLL,1.506
PHC,LUA,1.506
PVN,BDU,1.506
RIP,OLQ,1.506
SDQ,RIS,1.506
URB,ADA,1.506
URB,SMB,1.506
URX,URB,1.506
AIZ,ADL,-1.506
AIZ,AIZ,-1.506
PVP,AVK,-1.506
AVF,OLQ,-1.506
PQR,DAO6,-1.501
AVG,AVA,1.501
AVM,PVR,1.501
RIS,URY,1.501
OLQ,RMH,1.490
CEP,SMD,-1.488
AVB,hyp,-1.488
AIY,ASE,1.485
PVC,DVA,1.485
AVF,AVA,-1.485
PDE,MNVC,-1.485
PVM,PDE,1.481
AQR,BAG,1.466
ADA,ADA,1.465
ADA,PVR,1.465
ADE,IL2,1.465
ADF,ASH,1.465
ADF,BAG,1.465
ADL,RIC,1.465
ADL,URB,1.465
AIA,AIZ,1.465
AIB,RIG,1.465
AIZ,ASE,1.465
ASH,RMG,1.465
AVA,PDE,1.465
AVA,SAA,1.465
AVD,DVC,1.465
AVF,AVG,1.465
AWA,RIG,1.465
BDU,URA,1.465
PHA,AVH,1.465
PHC,PVQ,1.465
RIC,AIZ,1.465
RIF,ASH,1.465
RIG,AIB,1.465
RIG,RMG,1.465
RMG,ADA,1.465
RMG,URX,1.465
URX,SIA,1.465
ASG,AIM,-1.465
ASK,AIN,-1.465
AIA,AIY,-1.465
FLP,DVC,-1.465
PHB,PVQ,-1.465
AIB,RIV,-1.465
RMF,SIB,-1.465
ADA,RIP,1.463
URX,RMG,1.460
OLL,RME,1.431
ASH,AVD,1.430
AIA,AIB,1.420
OLL,AVE,1.418
CEP,RIH,1.414
MNVC,RIM,1.414
MNVC,RMF,1.414
IL1,PVR,1.403
IL2,URX,1.403
RMD,OLL,1.403
RMD,SIB,1.403
AVG,MUBODY,1.394
ADA,RIM,1.393
SDQ,DVA,-1.393
RIR,DVA,1.385
RIS,AVL,1.385
SIA,ALN,1.375
URA,RIH,1.375
URA,RIP,-1.369
RME,SMD,-1.365
RIG,RIR,-1.359
AVF,VD13,-1.353
ADA,RIV,1.353
ADL,ALA,1.353
ADL,RIP,1.353
AIA,ADA,1.353
AIB,SIA,1.353
AIM,AVH,1.353
AIM,RIF,1.353
AIN,ASE,1.353
ALM,RIC,1.353
ASE,ASE,1.353
ASI,AIY,1.353
ASK,ASE,1.353
AVD,LUA,1.353
AVK,RIV,1.353
AWA,RIF,1.353
AWC,ASI,1.353
PHC,AVA,1.353
PVC,AVJ,1.353
PVN,AVE,1.353
PVQ,AWA,1.353
RIB,CEP,1.353
RIB,URY,1.353
RIC,RIC,1.353
RIF,ALM,1.353
RIG,DVA,1.353
RMG,AIM,1.353
URB,RMH,1.353
URX,ADF,1.353
URX,AIM,1.353
URX,RIR,1.353
AVK,AIB,-1.353
AIA,AIN,-1.353
PVQ,ASH,-1.353
PHC,hyp,-1.353
ASH,PVQ,-1.353
BAG,RMF,-1.353
RIA,RMG,-1.353
PVN,AVD,1.349
RIM,SMD,-1.337
AIA,ASK,1.335
ADL,ASG,-1.335
AIN,CEP,-1.335
AIZ,ADF,-1.335
DVB,DD06,1.324
AQR,AVA,1.324
DVB,PVP,1.324
SMB,CEP,-1.323
PHA,PVQ,1.318
URB,RMG,1.318
AIY,AWB,-1.318
ALN,RMG,-1.318
RMH,CEP,-1.318
SMB,ALN,1.315
IL1,RMH,-1.315
ADL,AIB,-1.310
PDE,AVK,-1.303
CEP,URX,-1.302
AVF,DA09,-1.302
ADA,AVE,1.302
ADA,SMD,1.302
ADA,URX,1.302
ADE,IL1,1.302
AFD,AWB,1.302
AIA,ASJ,1.302
AIA,AWA,1.302
AIB,ASH,1.302
AIM,SMB,1.302
AIN,RID,1.302
AIN,URX,1.302
AIZ,AWC,1.302
AIZ,RIG,1.302
ASH,RIM,1.302
ASH,RIP,1.302
ASH,RIR,1.302
AUA,AIZ,1.302
AVB,AVE,1.302
AVF,PVQ,1.302
AVJ,AVE,1.302
AVJ,PVN,1.302
AVK,RMF,1.302
AWB,AIA,1.302
AWB,ASH,1.302
AWB,AVB,1.302
AWC,ASG,1.302
BAG,BAG,1.302
BDU,AVH,1.302
BDU,MUHEAD,1.302
FLP,AVJ,1.302
PHA,AVD,1.302
PVP,AVL,1.302
PVP,MUBODY,1.302
PVQ,ASJ,1.302
PVQ,RIF,1.302
RIA,AQR,1.302
RIA,AVA,1.302
RIA,RIM,1.302
RIB,AVD,1.302
RIC,URB,1.302
RIM,AVJ,1.302
RIP,ADF,1.302
RIP,OLL,1.302
RMG,AVA,1.302
RMH,RME,1.302
URB,RIC,1.302
URB,SIB,1.302
URX,AVJ,1.302
URX,OLQ,1.302
AIB,AIM,-1.302
RIG,AIN,-1.302
AIB,ASG,-1.302
AIY,AUA,-1.302
PVP,AVE,-1.302
PHC,PVP,-1.302
AVF,PVW,-1.302
ADA,RIB,-1.302
ASG,RIC,-1.302
RMF,RIG,-1.302
FLP,RIM,-1.302
SIA,SMB,1.300
AVA,AS09,-1.294
OLQ,SIB,-1.285
PLN,SMB,-1.282
RIA,RIA,-1.281
RIB,SMD,1.275
ALA,AVE,1.268
OLQ,URY,1.255
SMB,AVH,1.255
URA,IL2,1.255
URA,PVT,1.255
SMB,SIB,-1.255
ASK,AIB,1.250
RMG,SIA,1.250
RMG,SIB,1.250
PDE,hyp,-1.250
IL1,RMD,-1.248
AVK,MUBODY,1.233
AVM,BDU,1.230
DVA,MNVC,1.229
IL1,ADE,1.225
IL2,IL2,1.225
RMD,ADE,1.225
RMD,AVE,1.225
IL1,AIB,-1.225
IL1,RIA,-1.225
IL1,RIG,-1.225
RMD,RMH,1.225
SMD,SAA,-1.223
AIA,AIM,1.221
AIM,ASJ,1.221
AIM,URX,1.221
AUA,URX,1.221
FLP,RIS,-1.221
PVQ,AVB,-1.221
AQR,URX,1.218
DVB,DVC,1.218
PVR,SDQ,1.218
RID,RME,1.218
RIS,OLL,1.218
AVG,AVH,-1.218
AVM,RIB,-1.218
CEP,RIB,1.215
PVN,PQR,1.210
AIN,AIB,-1.210
PVQ,AIM,-1.210
AQR,DVA,1.209
AVM,AVJ,-1.209
PVT,AVK,1.204
ADE,AVA,1.202
RIR,AIZ,1.184
AVA,AVA,-1.167
AUA,AIN,-1.161
LUA,PVN,-1.161
ADF,AIZ,1.145
AUA,AVA,1.136
AVK,SAA,-1.136
IL1,OLQ,1.122
RMD,URX,-1.122
AVH,AVF,1.122
RIC,ADA,1.122
ADE,RIA,1.116
ADE,RMH,1.116
ADE,SMB,1.116
ADE,URB,1.116
ADF,AIB,1.116
ADF,AWC,1.116
ADL,ADL,1.116
ADL,AWB,1.116
ADL,OLQ,1.116
ADL,PVC,1.116
AFD,AIN,1.116
AIB,MNVC,1.116
AIM,AVD,1.116
AIM,CEPsh,1.116
AIN,RMD,1.116
AIN,SAA,1.116
AIY,AIB,1.116
AIZ,URY,1.116
ALM,AVE,1.116
ALM,RMG,1.116
ASH,AIZ,1.116
ASH,AVH,1.116
ASH,PVC,1.116
ASI,AWA,1.116
ASI,RIA,1.116
ASJ,ALA,1.116
ASK,ADL,1.116
AVA,RIA,1.116
AVB,AVJ,1.116
AVB,PVN,1.116
AVB,PVP,1.116
AVE,AVE,1.116
AVE,PVC,1.116
AVE,RMG,1.116
AVH,PVQ,1.116
AVK,BDU,1.116
AVK,SMB,1.116
AWA,AIA,1.116
AWC,RIV,1.116
BAG,AQR,1.116
BAG,CEPsh,1.116
BAG,RID,1.116
BDU,PVC,1.116
OLL,URY,1.116
PHA,PVP,1.116
PHC,PHA,1.116
PVC,SMB,1.116
PVN,LUA,1.116
PVP,DVC,1.116
PVW,PVC,1.116
PVW,PVT,1.116
RIA,RIR,1.116
RIB,AVB,1.116
RIF,URX,1.116
RIP,RIH,1.116
RIP,RIP,1.116
RMF,DVC,1.116
RMF,PVT,1.116
RMH,AIB,1.116
RMH,RMH,1.116
RMH,SMD,1.116
SDQ,AVD,1.116
SDQ,RMF,1.116
URX,ADL,1.116
URX,RIF,1.116
URX,URX,1.116
AWA,ADL,-1.116
RIF,AIB,-1.116
ASI,AIM,-1.116
AIN,AIY,-1.116
RIF,AIY,-1.116
ASG,AIZ,-1.116
RIF,AVE,-1.116
ADL,AVF,-1.116
PVP,AVF,-1.116
AVJ,AVG,-1.116
RMH,AVK,-1.116
PLN,exc_gl,-1.116
RIB,IL1,-1.116
AWA,RIB,-1.116
AIM,RIC,-1.116
PVP,RIF,-1.116
AIN,RIG,-1.116
FLP,RIG,-1.116
RMH,RIG,-1.116
RIV,RIS,-1.116
FLP,RIV,-1.116
ADA,RMF,-1.116
RIG,RMF,-1.116
RIV,RMF,-1.116
ASJ,RMG,-1.116
RIC,SIA,-1.116
RIF,SIB,-1.116
FLP,SMD,-1.116
RME,RME,1.102
ASJ,ASK,1.099
RIH,BAG,1.087
ASE,AFD,1.087
AVB,AVB,1.087
RMG,AVE,1.087
ASE,AIZ,-1.087
RIG,DVC,-1.087
RIH,RIB,1.084
AIN,AUA,1.083
AVF,AVL,1.083
RMG,RMH,1.083
AIB,FLP,-1.083
AVJ,AVM,-1.083
RIF,AVF,-1.083
URA,RME,1.076
RIB,AUA,1.065
PVN,AVL,-1.065
PQR,DD05,-1.065
ALA,ASJ,1.065
AQR,PVP,1.065
AVG,AVD,1.065
AVL,int,1.065
AVM,ADE,1.065
AVM,MNVC,1.065
AVM,SIB,1.065
DVB,mu_int,1.065
PVT,RME,1.065
RIH,URY,1.065
AQR,ADE,-1.065
AVG,AVL,-1.065
DVC,PVP,-1.065
CEP,ADL,1.061
CEP,RIA,1.061
CEP,RIS,1.061
CEP,SIB,1.061
AWA,ASE,1.060
CEP,OLQ,-1.046
SMD,SMD,-1.045
PLN,SIA,1.040
ALA,CEPsh,1.036
ALA,hyp,1.036
ALA,RMD,1.036
AQR,AVJ,1.036
AVG,AVE,1.036
AVG,PHA,1.036
AVG,PVC,1.036
AVL,AVE,1.036
AVM,AVH,1.036
DVA,PVP,1.036
DVA,URY,1.036
PQR,LUA,1.036
PVM,PVC,1.036
PVM,PVR,1.036
PVR,URA,1.036
RID,MUBODY,1.036
RIH,ADF,1.036
RIR,PVP,1.036
DVC,AVL,-1.036
PQR,PVW,-1.036
AVM,RIM,-1.036
AVM,SMB,-1.036
AWB,AIZ,1.022
OLL,RIB,1.010
SMD,RME,-1.001
RME,RIH,1.000
SMB,ADL,1.000
SMB,hyp,1.000
SMB,PVR,1.000
SMB,RIH,1.000
SMD,AIZ,1.000
SMD,hyp,1.000
URA,URY,1.000
SMB,AIB,-1.000
SIB,AVE,-1.000
SMB,RIM,-1.000
AIM,ASG,0.998
ALM,AVD,-0.993
AVK,MNVC,-0.993
ADF,RIB,0.976
AIM,CEP,0.976
AIZ,DVA,0.976
PVQ,hyp,0.976
AIB,AIA,-0.976
ALN,SIA,-0.976
ASE,ASK,-0.976
PVN,PVP,-0.976
RIA,AIZ,-0.976
RMG,CEP,-0.976
CEP,SMB,0.972
ADA,ADL,0.972
ADA,AIA,0.972
ADA,ASH,0.972
ADE,ADA,0.972
ADE,AVH,0.972
ADE,hyp,0.972
ADE,MNVC,0.972
ADE,SIA,0.972
ADE,SIB,0.972
ADE,URX,0.972
ADF,AIA,0.972
ADF,AIY,0.972
ADF,RIH,0.972
ADF,URY,0.972
ADL,ADA,0.972
ADL,RIF,0.972
ADL,SIB,0.972
AFD,AFD,0.972
AIA,ADF,0.972
AIA,ASI,0.972
AIA,RIR,0.972
AIA,RMG,0.972
AIB,RIA,0.972
AIM,ADF,0.972
AIM,ALA,0.972
AIM,AVJ,0.972
AIM,BDU,0.972
AIN,AIN,0.972
AIN,ASG,0.972
AIN,AWC,0.972
AIY,ASG,0.972
ALM,RIF,0.972
ALM,RMD,0.972
ALM,SDQ,0.972
ALM,SMB,0.972
ASE,ASH,0.972
ASE,hyp,0.972
ASE,RIA,0.972
ASG,AIN,0.972
ASG,ASK,0.972
ASH,ASH,0.972
ASH,URX,0.972
ASI,ASH,0.972
ASI,CEP,0.972
ASI,hyp,0.972
ASI,SAA,0.972
ASK,AWA,0.972
ASK,CEP,0.972
AUA,AIY,0.972
AUA,AVD,0.972
AUA,DVA,0.972
AVB,DVA,0.972
AVB,MUBODY,0.972
AVB,PVC,0.972
AVD,AVJ,0.972
AVD,hyp,0.972
AVF,AIM,0.972
AVF,hyp,0.972
AVH,AVA,0.972
AVH,AVH,0.972
AVH,MNVC,0.972
AVJ,AVJ,0.972
AVJ,FLP,0.972
AVJ,RID,0.972
AVK,AVB,0.972
AVK,AVM,0.972
AVK,MUHEAD,0.972
AVK,RMG,0.972
AVK,SIB,0.972
AWA,ADA,0.972
AWA,ASG,0.972
AWA,ASH,0.972
AWA,RIR,0.972
AWB,ASE,0.972
AWB,AVH,0.972
AWB,AWA,0.972
AWB,RIG,0.972
AWC,AFD,0.972
AWC,IL2,0.972
BAG,AIZ,0.972
BAG,AUA,0.972
BAG,CEP,0.972
BAG,OLQ,0.972
BAG,RIV,0.972
BDU,ADA,0.972
BDU,CEPsh,0.972
BDU,exc_gl,0.972
BDU,hyp,0.972
BDU,RIF,0.972
BDU,SDQ,0.972
FLP,ADA,0.972
LUA,PHB,0.972
OLL,RIS,0.972
PHA,PVT,0.972
PHB,hyp,0.972
PVC,ADL,0.972
PVC,AQR,0.972
PVC,ASH,0.972
PVC,AVG,0.972
PVC,FLP,0.972
PVC,PDE,0.972
PVC,RIS,0.972
PVN,ALM,0.972
PVN,CEP,0.972
PVN,URB,0.972
PVN,URX,0.972
PVP,ADF,0.972
PVP,ASH,0.972
PVP,AVJ,0.972
PVP,RIA,0.972
PVQ,ASE,0.972
PVQ,AVL,0.972
PVQ,RMG,0.972
PVW,AVD,0.972
PVW,MNVC,0.972
RIA,ADF,0.972
RIA,BAG,0.972
RIA,MUHEAD,0.972
RIA,URX,0.972
RIB,AIZ,0.972
RIB,RIH,0.972
RIC,ADL,0.972
RIF,AWB,0.972
RIF,CEP,0.972
RIF,MUHEAD,0.972
RIF,PVC,0.972
RIF,RIP,0.972
RIG,ADL,0.972
RIG,RIH,0.972
RIM,AVK,0.972
RIP,AVB,0.972
RIV,RMH,0.972
RMF,RIM,0.972
RMF,RMH,0.972
RMG,ADE,0.972
RMG,AIB,0.972
RMG,ASH,0.972
RMG,AVD,0.972
RMG,IL2,0.972
RMG,MUBODY,0.972
RMG,RID,0.972
RMG,RIG,0.972
RMH,RIC,0.972
URB,ADL,0.972
URB,AVB,0.972
URB,OLQ,0.972
URX,AWB,0.972
URX,BAG,0.972
URX,CEP,0.972
AVH,AIA,-0.972
PVP,AIB,-0.972
ADA,AIN,-0.972
AVD,ALM,-0.972
ADF,ASG,-0.972
AWC,ASK,-0.972
AFD,AUA,-0.972
ASJ,AVB,-0.972
PHC,AVB,-0.972
ADA,AVL,-0.972
AFD,AWA,-0.972
AFD,CEPsh,-0.972
AIB,CEPsh,-0.972
ADE,DVA,-0.972
ADA,DVC,-0.972
AVJ,hyp,-0.972
PVC,hyp,-0.972
RIB,IL2,-0.972
ASJ,OLQ,-0.972
AVF,PHA,-0.972
PVN,PHC,-0.972
RIM,PVC,-0.972
FLP,PVR,-0.972
RMH,RIB,-0.972
ASJ,RIF,-0.972
OLL,RIG,-0.972
ASJ,URA,-0.972
ADF,AUA,0.963
SAB,SAA,-0.957
RIV,RIA,-0.957
DVA,AVA,0.954
PVM,DVA,-0.954
IL2,RIH,-0.952
FLP,AVE,0.950
DVA,PVC,0.944
CEP,OLL,0.943
SDQ,AVB,-0.941
AVK,hyp,0.936
ASE,AWC,0.923
RIG,RMH,-0.922
ALA,RIA,0.920
AVG,AVG,0.920
AVG,DVC,0.920
AVG,PVT,0.920
AVL,AVK,0.920
AVL,DVC,0.920
AVL,hyp,0.920
AVL,PVP,0.920
AVL,RIM,0.920
AVM,RID,0.920
DVA,AVB,0.920
DVA,MUBODY,0.920
DVA,PVR,0.920
DVB,PHC,0.920
DVC,RIV,0.920
PQR,PHB,0.920
PQR,PVC,0.920
PVM,AVM,0.920
PVM,MUBODY,0.920
PVR,ALM,0.920
PVR,CEP,0.920
PVT,RIH,0.920
RIR,AQR,0.920
RIR,ASH,0.920
RIR,RMG,0.920
AQR,ALM,-0.920
PVT,AVE,-0.920
PQR,AVF,-0.920
DVA,AVH,-0.920
DVA,DVA,-0.920
RIH,IL1,-0.920
AVL,PVT,-0.920
PVT,RIB,-0.920
RIH,RIH,-0.920
PVT,SAA,-0.920
ADF,ADA,0.917
ALN,AVA,0.917
PVQ,MNVC,0.917
PDE,PVR,-0.917
URX,AVE,-0.917
CEP,RIC,-0.907
RIR,RIG,0.901
DVC,CEPsh,-0.901
PQR,PVN,-0.901
MNVC,MUBODY,-0.899
AIZ,AIB,0.896
ALN,SMB,0.871
AIN,AIA,-0.865
RMG,SMD,-0.865
SMB,PLN,-0.864
AVD,AVE,0.862
RMG,SMB,-0.862
MNVC,PHB,-0.849
IL2,RMD,-0.845
IL2,OLL,0.842
RMD,SMD,-0.842
PHC,MNVC,0.839
OLQ,CEP,0.837
SMB,RMG,0.837
AQR,PVC,-0.829
DVC,RIB,-0.824
IL2,AUA,0.816
IL2,AVB,0.816
IL2,CEPsh,0.816
RMD,AVK,0.816
RMD,RIS,0.816
IL1,SMD,-0.816
ADL,AVJ,0.811
RIG,ALN,0.804
RIR,AUA,0.803
PQR,DA08,-0.769
AIN,BAG,0.768
RIS,AVE,-0.759
SMB,SMB,-0.758
ASE,ADL,0.753
PVP,RIG,0.753
RIC,RIV,0.753
RIG,PVT,0.753
ASH,AVF,-0.753
AVA,hyp,-0.753
RIA,IL1,-0.753
RIG,PVP,-0.753
ASG,ASE,0.744
AVD,PQR,0.744
BAG,AIY,0.744
RIM,RIA,0.744
URB,IL2,0.744
URX,AVA,0.744
ASH,ASK,-0.744
AVK,PVP,-0.744
RMG,OLL,-0.744
AVA,AS10,-0.743
PHA,MNVC,-0.743
RIV,RIV,-0.737
PHB,PHB,-0.735
AVM,AVB,-0.725
FLP,FLP,0.708
CEP,PVR,-0.707
MNVC,hyp,0.707
MNVC,SAA,0.707
CEP,CEPsh,0.707
ADA,PVP,0.707
ADA,URA,0.707
ADE,ALM,0.707
ADE,ALN,0.707
ADE,ASI,0.707
ADE,AVJ,0.707
ADE,AVL,0.707
ADE,BDU,0.707
ADE,CEPsh,0.707
ADE,RIF,0.707
ADE,RME,0.707
ADE,SAA,0.707
ADE,SMD,0.707
ADF,ADF,0.707
ADF,ADL,0.707
ADF,AVH,0.707
ADF,PVP,0.707
ADF,RIV,0.707
ADF,SMD,0.707
ADL,AWA,0.707
ADL,OLL,0.707
ADL,RIA,0.707
ADL,RIG,0.707
ADL,RIR,0.707
AFD,AIB,0.707
AIA,PVQ,0.707
AIB,ADL,0.707
AIB,AIY,0.707
AIB,AQR,0.707
AIB,AUA,0.707
AIB,AWC,0.707
AIB,RIC,0.707
AIB,RIF,0.707
AIM,AIM,0.707
AIM,ALM,0.707
AIM,AVA,0.707
AIM,OLQ,0.707
AIM,PVN,0.707
AIM,PVQ,0.707
AIM,RMD,0.707
AIN,hyp,0.707
AIN,RMF,0.707
AIY,AIN,0.707
AIY,BAG,0.707
AIY,RIH,0.707
AIY,RIV,0.707
AIZ,AFD,0.707
AIZ,MNVC,0.707
AIZ,MUHEAD,0.707
AIZ,SIA,0.707
ALM,AIM,0.707
ALM,ALM,0.707
ALM,hyp,0.707
ALM,SIA,0.707
ALM,SMD,0.707
ALM,URB,0.707
ALN,ADE,0.707
ALN,RIA,0.707
ALN,RMD,0.707
ALN,RMH,0.707
ASE,ADF,0.707
ASE,ASJ,0.707
ASE,AWA,0.707
ASE,AWB,0.707
ASE,IL2,0.707
ASE,OLL,0.707
ASE,RIR,0.707
ASG,AIY,0.707
ASH,AWA,0.707
ASH,AWB,0.707
ASH,PVP,0.707
ASI,ADF,0.707
ASI,ADL,0.707
ASI,AIZ,0.707
ASI,RIB,0.707
ASI,RMF,0.707
ASJ,CEP,0.707
ASJ,hyp,0.707
ASK,ALA,0.707
ASK,ASG,0.707
ASK,ASJ,0.707
AUA,AIB,0.707
AVA,PVN,0.707
AVA,SMD,0.707
AVB,AIB,0.707
AVB,AVL,0.707
AVB,SDQ,0.707
AVD,ALA,0.707
AVE,AIZ,0.707
AVE,ALM,0.707
AVE,CEP,0.707
AVE,OLL,0.707
AVE,PVT,0.707
AVE,RIM,0.707
AVE,URX,0.707
AVF,AIA,0.707
AVF,ASH,0.707
AVF,DVB,0.707
AVF,int,0.707
AVF,PDE,0.707
AVF,RMD,0.707
AVF,RMG,0.707
AVF,SMB,0.707
AVH,AQR,0.707
AVH,ASK,0.707
AVH,BDU,0.707
AVH,hyp,0.707
AVH,MUBODY,0.707
AVH,RIF,0.707
AVH,RIG,0.707
AVH,RIM,0.707
AVJ,AIN,0.707
AVJ,ASH,0.707
AVJ,AVF,0.707
AVJ,RIF,0.707
AVJ,RIS,0.707
AVK,PVQ,0.707
AVK,RIG,0.707
AVK,RMH,0.707
AWB,AIB,0.707
AWB,AIM,0.707
AWB,ASG,0.707
AWB,AWC,0.707
AWB,OLQ,0.707
AWB,RIF,0.707
AWB,URY,0.707
AWC,ADF,0.707
AWC,AIZ,0.707
AWC,ASH,0.707
AWC,AVA,0.707
AWC,SMD,0.707
BAG,ADF,0.707
BAG,AIN,0.707
BAG,RIP,0.707
BAG,SMD,0.707
BAG,URA,0.707
BAG,URX,0.707
BDU,AVB,0.707
BDU,CEP,0.707
LUA,hyp,0.707
OLL,IL2,0.707
OLL,OLQ,0.707
PHB,PVN,0.707
PVC,AVH,0.707
PVC,AVL,0.707
PVC,LUA,0.707
PVC,PVP,0.707
PVC,PVR,0.707
PVC,PVW,0.707
PVN,PVR,0.707
PVP,ADA,0.707
PVP,AVG,0.707
PVP,hyp,0.707
PVP,MNVC,0.707
PVP,PVQ,0.707
PVP,RIM,0.707
PVP,RIR,0.707
PVP,URX,0.707
PVQ,AVH,0.707
PVQ,CEPsh,0.707
PVQ,DVC,0.707
PVQ,MUBODY,0.707
PVQ,PVP,0.707
PVQ,PVT,0.707
PVW,AVA,0.707
PVW,AVJ,0.707
PVW,AVL,0.707
PVW,LUA,0.707
PVW,PVW,0.707
RIB,DVC,0.707
RIB,OLL,0.707
RIB,RME,0.707
RIC,AVK,0.707
RIC,OLQ,0.707
RIC,RMG,0.707
RIF,ADL,0.707
RIF,AIZ,0.707
RIF,RIA,0.707
RIG,ADF,0.707
RIG,AFD,0.707
RIG,AVD,0.707
RIM,RIC,0.707
RIP,IL1,0.707
RIP,URA,0.707
RIP,URB,0.707
RIV,SMB,0.707
RMF,BAG,0.707
RMF,RIB,0.707
RMF,RIH,0.707
RMF,RIS,0.707
RMF,SAA,0.707
RMF,SMD,0.707
RMG,ADL,0.707
RMG,AVF,0.707
RMG,PVP,0.707
RMG,RIF,0.707
RMG,RIR,0.707
RMH,AVA,0.707
RMH,RID,0.707
RMH,SAA,0.707
RMH,URX,0.707
SDQ,ADL,0.707
SDQ,AVE,0.707
SDQ,MUHEAD,0.707
SDQ,RIP,0.707
SDQ,SIB,0.707
URB,ADE,0.707
URB,AVD,0.707
URB,PVR,0.707
URB,URB,0.707
URB,URY,0.707
URX,AIZ,0.707
URX,ALM,0.707
URX,ASH,0.707
URX,ASI,0.707
URX,AVD,0.707
URX,RID,0.707
RIG,ADE,-0.707
PVP,ADL,-0.707
BAG,AFD,-0.707
FLP,AQR,-0.707
BAG,ASE,-0.707
ADL,ASK,-0.707
AVH,AUA,-0.707
AVK,AVA,-0.707
AVK,AVD,-0.707
RIM,AVD,-0.707
AIN,AVE,-0.707
AVA,AVF,-0.707
AVB,AVG,-0.707
ADL,AVH,-0.707
AVJ,AVL,-0.707
AVH,AVM,-0.707
ADA,hyp,-0.707
AVJ,MNVC,-0.707
RIA,OLQ,-0.707
RMG,PLN,-0.707
AVB,PQR,-0.707
AVJ,PQR,-0.707
PHB,PQR,-0.707
ADL,PVP,-0.707
ADE,PVQ,-0.707
ADL,PVQ,-0.707
RIC,RIA,-0.707
ASE,RIB,-0.707
AVH,RIC,-0.707
RMG,RIC,-0.707
AVD,RID,-0.707
ASH,RIF,-0.707
RIM,RIG,-0.707
AIZ,RIH,-0.707
ADF,RIP,-0.707
AVK,RIS,-0.707
RMG,RIV,-0.707
URB,RME,-0.707
AVA,RMH,-0.707
RIC,RMH,-0.707
ADA,SAA,-0.707
RIV,SDQ,-0.707
AVH,SIA,-0.707
AVJ,SMB,-0.707
PVP,SMB,-0.707
RIF,SMB,-0.707
MNVC,ADA,0.707
MNVC,PLM,-0.707
CEP,AFD,0.707
CEP,AIN,0.707
CEP,ALM,0.707
CEP,ASG,0.707
CEP,exc_gl,0.707
CEP,MUBODY,0.707
CEP,RIF,0.707
CEP,AVA,-0.707
CEP,RIV,-0.707
ASI,AIB,-0.703
AVK,AVE,-0.703
AIB,AVB,-0.699
ALA,AVD,0.687
AQR,RIG,0.687
AQR,RIR,0.687
AVL,PVW,0.687
AVM,AVK,0.687
AVM,hyp,0.687
DVA,hyp,0.687
DVA,SMD,0.687
DVA,URX,0.687
DVC,AVB,0.687
DVC,PVT,0.687
DVC,URA,0.687
PQR,AVG,0.687
PQR,AVH,0.687
PQR,AVJ,0.687
PVR,ADA,0.687
PVR,AVK,0.687
PVR,hyp,0.687
PVR,MUBODY,0.687
PVR,PDE,0.687
PVR,PVM,0.687
PVR,PVR,0.687
PVT,RIS,0.687
RID,FLP,0.687
RIR,ADA,0.687
RIR,AFD,0.687
RIR,AIM,0.687
RIR,AWB,0.687
RIR,BAG,0.687
DVA,ADE,-0.687
RIH,AVE,-0.687
RIH,DVA,-0.687
AVL,PVN,-0.687
DVB,PVN,-0.687
DVB,PVT,-0.687
AVL,RIA,-0.687
AVM,RIF,-0.687
RIH,RIS,-0.687
RID,RMG,-0.687
RIS,SMB,-0.687
DVC,SMD,-0.687
SMD,CEP,-0.687
RMG,AVB,0.670
RMH,RMG,0.670
RIG,OLQ,-0.670
RIR,ADF,0.662
AVG,PVQ,-0.662
RIS,SMD,0.652
AIZ,AVE,-0.651
PVR,MNVC,-0.650
AVG,AVF,0.649
PVP,AVH,0.639
RIC,RMF,-0.639
SIA,SMD,-0.629
ASI,AWC,0.625
PVC,AVA,0.622
AIA,RIF,-0.622
PVM,PVM,0.621
ASH,SMB,0.615
ASI,AIA,0.615
LUA,PQR,0.615
AVK,SMD,-0.615
ASJ,PVQ,0.614
LUA,PVC,0.611
AIB,AVE,-0.611
RIC,CEP,-0.611
PHA,PHB,0.609
ADL,ASH,-0.603
RIA,SMD,-0.602
RIS,CEP,0.594
CEP,IL2,-0.592
PLM,AVA,0.586
RIG,AVE,-0.586
ADA,RIC,0.585
PDE,PVC,-0.585
PLN,SMD,-0.585
PVN,AVG,-0.585
URB,OLL,-0.585
AWA,AIY,-0.582
AIA,AWC,-0.578
SAB,RIG,0.577
ADE,ADE,0.575
OLL,IL1,-0.575
BAG,RIG,0.573
RMD,OLQ,0.561
RMD,SMB,-0.561
MNVC,MNVC,0.534
AQR,AVB,0.530
ASH,RIA,0.524
RMG,RMD,-0.521
AWC,AIY,0.515
AVG,AVB,0.500
OLQ,AVA,0.500
OLQ,AVD,0.500
OLQ,MUHEAD,0.500
RME,OLL,0.500
RME,RIP,0.500
RME,RIS,0.500
SAA,ALN,0.500
SAA,ASI,0.500
SAA,AVB,0.500
SAA,PLN,0.500
SAA,RIA,0.500
SAA,RIG,0.500
SAA,RIV,0.500
SAA,RMD,0.500
SAA,RME,0.500
SAA,RMG,0.500
SAA,SAA,0.500
SAA,SIB,0.500
SIA,ADE,0.500
SIA,ALM,0.500
SIA,AVA,0.500
SIA,AVF,0.500
SIA,CEP,0.500
SIA,IL1,0.500
SIA,IL2,0.500
SIB,ALN,0.500
SIB,AVD,0.500
SIB,PVP,0.500
SIB,RID,0.500
SIB,SMB,0.500
SMB,AIM,0.500
SMB,AIZ,0.500
SMB,AVA,0.500
SMB,AVB,0.500
SMB,AVF,0.500
SMB,PVP,0.500
SMB,RIA,0.500
SMD,AIB,0.500
SMD,ASG,0.500
SMD,ASJ,0.500
SMD,AVA,0.500
SMD,IL2,0.500
SMD,MNVC,0.500
SMD,PVR,0.500
SMD,URY,0.500
URA,ADA,0.500
URA,AVE,0.500
URA,CEP,0.500
URA,CEPsh,0.500
URA,DVC,0.500
URA,RIB,0.500
SIB,AIB,-0.500
SIB,AVA,-0.500
SIA,AVK,-0.500
OLQ,RIA,-0.500
SIB,RIG,-0.500
SIA,RIV,-0.500
SIB,RMF,-0.500
SMB,RMH,-0.500
RME,GLR,0.500
SMB,RIV,-0.500
IL2,OLQ,0.499
DVC,AIB,-0.495
PVT,RMF,0.493
AVK,PVM,0.486
BAG,AIB,0.486
LUA,PVR,0.486
RIG,URY,0.486
RIM,RIS,0.486
ADF,AWA,-0.486
ADF,OLQ,-0.486
AIY,ADF,-0.486
AVA,RIG,-0.486
AVH,ASH,-0.486
AVH,AVG,-0.486
AVH,DVA,-0.486
AVJ,PVQ,-0.486
AVK,DVA,-0.486
AWA,AUA,-0.486
RIB,RIM,-0.486
RMG,ALM,-0.486
SDQ,PVC,-0.486
AVA,DA08,0.485
AWA,AFD,0.478
AVH,SMB,-0.478
PVN,AVA,-0.475
RIM,AVE,-0.475
URX,RIG,-0.474
PVR,PVC,0.474
RIR,AVE,0.474
PVT,AIB,0.470
AWB,SMB,0.460
RMG,SAA,0.460
PVP,AVD,-0.460
RME,IL1,0.460
RME,RIB,-0.460
ALM,PVC,-0.459
RIV,SMD,0.455
RIV,RMD,-0.455
ADL,AVD,-0.438
AVB,MNVC,0.436
CEP,RIP,-0.435
MNVC,AVE,0.424
MNVC,FLP,0.424
MNVC,PVT,0.424
MNVC,RID,0.424
MNVC,SMB,0.424
MNVC,AVH,-0.424
RME,RMD,-0.418
PVN,MNVC,0.416
DVA,AVD,0.414
PVR,DVA,0.414
PQR,PVP,-0.414
AVE,MNVC,0.413
IL2,URA,-0.410
RIR,RIA,-0.410
IL2,CEP,-0.408
RMD,RME,-0.408
IL1,AVL,0.408
IL1,RMG,0.408
IL1,URB,0.408
IL1,URX,0.408
IL2,ADL,0.408
IL2,AVA,0.408
IL2,BAG,0.408
IL2,DVC,0.408
IL2,RMG,0.408
IL2,RMH,0.408
IL2,SIA,0.408
RMD,AVA,0.408
RMD,GLR,0.408
RMD,RIB,0.408
RMD,RIV,0.408
RMD,RMF,0.408
RMD,URY,0.408
RMD,RIP,-0.408
RMD,RMG,-0.408
LUA,PVW,0.406
AIB,SIB,-0.406
RIH,CEPsh,0.406
IL1,MUHEAD,0.398
SAA,SMD,0.390
ASH,ADF,-0.383
PHA,DVA,-0.381
RIG,RIB,-0.378
SAA,hyp,0.369
CEP,AWC,-0.354
DVA,RIA,0.347
PVM,hyp,0.347
PVQ,ASK,0.338
DVA,AIZ,0.338
ADE,RIH,0.325
AVD,PVC,0.325
AVJ,ALM,0.325
AVK,AVK,0.325
AVK,PDE,0.325
BDU,RMG,0.325
PHC,AVH,0.325
AIM,RID,-0.325
LUA,MNVC,-0.325
PVC,MNVC,0.320
FLP,PVC,0.305
PVN,PVD,0.305
ADF,AWB,-0.305
ASI,ASG,-0.305
RIV,GLR,-0.291
PVT,AVL,0.287
DVC,MNVC,-0.287
OLL,RMD,-0.287
MNVC,PVN,-0.283
MNVC,AIB,0.283
MNVC,PDE,-0.283
MNVC,PVQ,-0.283
RMD,RIM,-0.281
RIA,RIV,0.273
PVQ,AIA,-0.273
AIZ,AVK,0.261
ASI,CEPsh,0.261
AUA,BAG,0.261
AVK,RMD,0.261
PDE,PVM,0.261
RMG,AVJ,0.261
ASI,ASK,-0.261
AVJ,AVH,-0.261
PVN,AVB,-0.261
PHB,MNVC,-0.258
SAA,SAB,0.257
AWA,AWB,0.251
PVP,AVA,0.250
RIM,RIB,0.250
AIM,ASK,-0.250
AVA,AVD,0.248
AWC,AIA,0.247
AVK,RIM,-0.247
RIS,RIB,-0.239
RIH,IL2,0.235
RIH,AIZ,-0.229
BAG,RIA,-0.228
IL2,RIA,0.227
ASH,AIB,-0.224
ALN,RIM,0.218
AVK,SIA,0.218
BDU,ALM,0.218
PHA,AVF,-0.218
OLQ,RME,0.217
RIS,RIS,-0.216
AWB,ADF,-0.213
PHA,PHA,0.208
AIN,AFD,-0.208
RIH,RME,0.203
SMB,RME,-0.200
AIA,ASG,0.188
RIB,RIS,0.188
AVH,ADF,-0.188
DVA,RIM,0.183
AIN,CEPsh,-0.179
PLM,MNVC,-0.179
RIB,RIG,-0.179
DVA,AQR,0.177
RIH,AIY,0.176
AVG,PVN,-0.176
AVD,MNVC,0.154
AIB,AIZ,-0.153
AQR,RIA,0.147
MNVC,AVD,0.141
MNVC,AVG,0.141
MNVC,PVD,0.141
MNVC,SAB,0.141
MNVC,AVB,-0.141
MNVC,DVC,-0.141
MNVC,DVA,0.141
MNVC,LUA,0.141
MNVC,PVW,0.141
MNVC,AVA,0.141
RIM,RMF,-0.129
CEP,IL1,0.128
RIC,SMB,-0.126
AIA,ADL,-0.123
RIB,BAG,0.122
PLM,hyp,-0.122
PVD,MNVC,0.111
AIZ,AIA,-0.109
MNVC,MUHEAD,-0.107
SIB,MUHEAD,0.100
SAA,RMF,0.091
RIG,AVK,0.085
SMD,MUHEAD,0.074
ALM,BDU,0.072
SMD,SIA,0.063
CEP,AVE,0.062
CEP,RMH,0.062
SAA,AVA,-0.055
ADA,RIF,0.000
ADL,CEP,0.000
AIA,ASH,0.000
AIB,DVA,0.000
AIY,RIR,0.000
ASK,RIF,0.000
AVD,AVB,0.000
AVF,PVD,0.000
AVH,SAB,0.000
AVL,DVB,0.000
AVL,RIS,0.000
DVC,PVD,0.000
MNVC,PHC,0.000
PLN,RMD,0.000
PVD,AVF,0.000
PVD,PVP,0.000
PVP,PVD,0.000
RIB,AIN,0.000
RIF,AVH,0.000
RIF,RIF,0.000
RIH,URA,0.000
RMD,MUBODY,0.000
SAA,MUBODY,0.000
SMB,AVJ,0.000
URX,IL2,0.000
ADA,URY,0.000
ADF,AFD,0.000
AIB,AIB,0.000
AVG,hyp,0.000
AVH,AVD,0.000
AVM,AVD,0.000
AWA,ASI,0.000
DVA,PDE,0.000
DVA,SAB,0.000
DVC,MUBODY,0.000
PVR,SAB,0.000
RIA,AUA,0.000
RIA,SAA,0.000
RID,hyp,0.000
RIH,AUA,0.000
RMH,IL1,0.000
SDQ,SAA,0.000
URX,IL1,0.000
AVH,ADL,0.000
BDU,SAA,0.000
PVC,PVD,0.000
PVD,AVD,0.000
PVT,DVC,0.000
RIA,CEP,0.000
RIG,RIA,0.000
RME,RMH,0.000
SMB,exc_gl,0.000
ADE,RIV,0.000
AVA,SAB,0.000
AVH,AWB,0.000
AVJ,SAB,0.000
PDE,PDE,0.000
PVD,PVR,0.000
RMG,ALN,0.000
SDQ,SIA,0.000
AQR,AVD,0.000
PVD,DVA,0.000
RIG,BAG,0.000
RMD,SIA,0.000
RMD,CEP,0.000
SMD,SMB,0.000
AIB,RMF,0.000
URB,CEP,0.000
ADA,AIB,0.000
PVD,AVG,0.000
SIA,SDQ,0.000
DVA,SAA,0.000
RIM,ADA,0.000
ADL,SMB,0.000
SDQ,SMB,0.000
SMB,SMD,0.000
PVD,PVD,0.000
SIA,SIB,0.000
PVD,hyp,0.000
SIB,SIA,0.000
PVM,AVK,0.000
PLM,AVD,0.000
AVD,SAB,0.000
AVL,SAB,0.000
AIB,SAA,0.000
PLM,DVA,0.000
RIM,MUHEAD,0.000
RMH,MUHEAD,0.000
SMB,SDQ,0.000
SMB,SIA,0.000
SAA,MUHEAD,0.000
RIV,MUHEAD,0.000
PLM,PDE,0.000
SIA,MUHEAD,0.000
RIH,RIA,0.000
AVE,SAB,0.000
PVD,AVA,0.000
PVD,PVC,0.000
URA,MUHEAD,0.000
SMB,MUBODY,0.000
SIA,MUBODY,0.000
RME,MUHEAD,0.000
SIB,MUBODY,0.000
SMB,MUHEAD,0.000
SAB,hyp,0.000
RMD,MUHEAD,0.000
SMD,MUBODY,0.000
SAB,MUHEAD,0.000
